#
# There is insufficient memory for the Java Runtime Environment to continue.
# Native memory allocation (malloc) failed to allocate 4023576 bytes. Error detail: Chunk::new
# Possible reasons:
#   The system is out of physical RAM or swap space
#   This process is running with CompressedOops enabled, and the Java Heap may be blocking the growth of the native heap
# Possible solutions:
#   Reduce memory load on the system
#   Increase physical memory or swap space
#   Check if swap backing store is full
#   Decrease Java heap size (-Xmx/-Xms)
#   Decrease number of Java threads
#   Decrease Java thread stack sizes (-Xss)
#   Set larger code cache with -XX:ReservedCodeCacheSize=
#   JVM is running with Unscaled Compressed Oops mode in which the Java heap is
#     placed in the first 4GB address space. The Java Heap base address is the
#     maximum limit for the native heap growth. Please use -XX:HeapBaseMinAddress
#     to set the Java Heap base and to place the Java Heap above 4GB virtual address.
# This output file may be truncated or incomplete.
#
#  Out of Memory Error (arena.cpp:186), pid=25220, tid=8536
#
# JRE version: Java(TM) SE Runtime Environment (25.0.3+9) (build 25.0.3+9-LTS-195)
# Java VM: Java HotSpot(TM) 64-Bit Server VM (25.0.3+9-LTS-195, mixed mode, sharing, tiered, compressed oops, compressed class ptrs, g1 gc, windows-amd64)
# No core dump will be written. Minidumps are not enabled by default on client versions of Windows
#

---------------  S U M M A R Y ------------

Command Line: --add-opens=java.base/java.lang=ALL-UNNAMED --add-opens=java.base/java.lang.invoke=ALL-UNNAMED --add-opens=java.base/java.util=ALL-UNNAMED --add-opens=java.prefs/java.util.prefs=ALL-UNNAMED --add-exports=jdk.compiler/com.sun.tools.javac.api=ALL-UNNAMED --add-exports=jdk.compiler/com.sun.tools.javac.util=ALL-UNNAMED --add-opens=java.base/java.nio.charset=ALL-UNNAMED --add-opens=java.base/java.net=ALL-UNNAMED --add-opens=java.base/java.util.concurrent=ALL-UNNAMED --add-opens=java.base/java.util.concurrent.atomic=ALL-UNNAMED --add-opens=java.xml/javax.xml.namespace=ALL-UNNAMED --add-opens=java.base/java.time=ALL-UNNAMED --enable-native-access=ALL-UNNAMED -XX:MaxMetaspaceSize=384m -XX:+HeapDumpOnOutOfMemoryError -Xms256m -Xmx512m -Dfile.encoding=UTF-8 -Duser.country=KR -Duser.language=ko -Duser.variant -javaagent:C:\GradleHome\wrapper\dists\gradle-9.7.1-bin\1w1c7tv4s851m17nbqdsro2tv\gradle-9.7.1\lib\agents\gradle-instrumentation-agent-9.7.1.jar org.gradle.launcher.daemon.bootstrap.GradleDaemon 9.7.1

Host: Intel(R) Core(TM) i3-7020U CPU @ 2.30GHz, 4 cores, 3G,  Windows 10 , 64 bit Build 19041 (10.0.19041.5915)
Time: Sat Aug 29 23:46:22 2026 elapsed time: 2463.367969 seconds (0d 0h 41m 3s)

---------------  T H R E A D  ---------------

Current thread (0x000002f0f60dacc0):  JavaThread "C2 CompilerThread0" daemon [_thread_in_native, id=8536, stack(0x000000ffd8800000,0x000000ffd8900000) (1024K)]


Current CompileTask:
C2:2463369 25406   !   4       org.gradle.internal.service.DefaultServiceRegistry$FactoryService::bind (358 bytes)

Stack: [0x000000ffd8800000,0x000000ffd8900000]
Native frames: (J=compiled Java code, j=interpreted, Vv=VM code, C=native code)
V  [jvm.dll+0x7a7d69]  (no source info available)
V  [jvm.dll+0x7739dd]  (no source info available)
V  [jvm.dll+0x9669f3]  (no source info available)
V  [jvm.dll+0x968ff1]  (no source info available)
V  [jvm.dll+0x969703]  (no source info available)
V  [jvm.dll+0x2fc9e6]  (no source info available)
V  [jvm.dll+0x111c96]  (no source info available)
V  [jvm.dll+0x111fbe]  (no source info available)
V  [jvm.dll+0x1a09f2]  (no source info available)
V  [jvm.dll+0x3b56d2]  (no source info available)
V  [jvm.dll+0x7ad6ff]  (no source info available)
V  [jvm.dll+0x2c0d37]  (no source info available)
V  [jvm.dll+0x2bfcff]  (no source info available)
V  [jvm.dll+0x237b20]  (no source info available)
V  [jvm.dll+0x2cfe26]  (no source info available)
V  [jvm.dll+0x2ce0a5]  (no source info available)
V  [jvm.dll+0x48ee81]  (no source info available)
V  [jvm.dll+0x907c6d]  (no source info available)
V  [jvm.dll+0x7a6345]  (no source info available)
C  [ucrtbase.dll+0x21bb2]  (no source info available)
C  [KERNEL32.DLL+0x17374]  (no source info available)
C  [ntdll.dll+0x4cc91]  (no source info available)

Lock stack of current Java thread (top to bottom):


---------------  P R O C E S S  ---------------

Threads class SMR info:
_java_thread_list=0x000002f097261cb0, length=34, elements={
0x000002f0f3e33780, 0x000002f0f60d25b0, 0x000002f0f60d2d70, 0x000002f0f60d7a90,
0x000002f0f60d8650, 0x000002f0f60d9210, 0x000002f0f60d9dd0, 0x000002f0f60dacc0,
0x000002f0f60e1240, 0x000002f0ff8f5fe0, 0x000002f0ff9a0ea0, 0x000002f096df5ee0,
0x000002f096cbc0c0, 0x000002f09706a840, 0x000002f096ced3a0, 0x000002f096cee340,
0x000002f096cefab0, 0x000002f0976f6790, 0x000002f0976f25f0, 0x000002f0976ee770,
0x000002f0976edfa0, 0x000002f0976ed000, 0x000002f0976ec060, 0x000002f098d433e0,
0x000002f098569270, 0x000002f0999e31a0, 0x000002f0999e2200, 0x000002f0999dcc10,
0x000002f0999dd3e0, 0x000002f0999e50e0, 0x000002f0999e6850, 0x000002f0999df320,
0x000002f0999e8790, 0x000002f099276080
}

Java Threads: ( => current thread )
  0x000002f0f3e33780 JavaThread "main"                              [_thread_blocked, id=3700, stack(0x000000ffd7a00000,0x000000ffd7b00000) (1024K)]
  0x000002f0f60d25b0 JavaThread "Reference Handler"          daemon [_thread_blocked, id=20228, stack(0x000000ffd8200000,0x000000ffd8300000) (1024K)]
  0x000002f0f60d2d70 JavaThread "Finalizer"                  daemon [_thread_blocked, id=17340, stack(0x000000ffd8300000,0x000000ffd8400000) (1024K)]
  0x000002f0f60d7a90 JavaThread "Signal Dispatcher"          daemon [_thread_blocked, id=14440, stack(0x000000ffd8400000,0x000000ffd8500000) (1024K)]
  0x000002f0f60d8650 JavaThread "Attach Listener"            daemon [_thread_blocked, id=22804, stack(0x000000ffd8500000,0x000000ffd8600000) (1024K)]
  0x000002f0f60d9210 JavaThread "Service Thread"             daemon [_thread_blocked, id=10200, stack(0x000000ffd8600000,0x000000ffd8700000) (1024K)]
  0x000002f0f60d9dd0 JavaThread "Monitor Deflation Thread"   daemon [_thread_blocked, id=17652, stack(0x000000ffd8700000,0x000000ffd8800000) (1024K)]
=>0x000002f0f60dacc0 JavaThread "C2 CompilerThread0"         daemon [_thread_in_native, id=8536, stack(0x000000ffd8800000,0x000000ffd8900000) (1024K)]
  0x000002f0f60e1240 JavaThread "C1 CompilerThread0"         daemon [_thread_blocked, id=10168, stack(0x000000ffd8900000,0x000000ffd8a00000) (1024K)]
  0x000002f0ff8f5fe0 JavaThread "Common-Cleaner"             daemon [_thread_blocked, id=23960, stack(0x000000ffd8a00000,0x000000ffd8b00000) (1024K)]
  0x000002f0ff9a0ea0 JavaThread "Notification Thread"        daemon [_thread_blocked, id=24836, stack(0x000000ffd8b00000,0x000000ffd8c00000) (1024K)]
  0x000002f096df5ee0 JavaThread "Daemon health stats"               [_thread_blocked, id=9740, stack(0x000000ffd8f00000,0x000000ffd9000000) (1024K)]
  0x000002f096cbc0c0 JavaThread "Incoming local TCP Connector on port 54981"        [_thread_in_native, id=12840, stack(0x000000ffd9000000,0x000000ffd9100000) (1024K)]
  0x000002f09706a840 JavaThread "Daemon periodic checks"            [_thread_blocked, id=17656, stack(0x000000ffd9100000,0x000000ffd9200000) (1024K)]
  0x000002f096ced3a0 JavaThread "Cache worker for journal cache (C:\GradleHome\caches\journal-1)"        [_thread_blocked, id=10632, stack(0x000000ffd9900000,0x000000ffd9a00000) (1024K)]
  0x000002f096cee340 JavaThread "File lock request listener"        [_thread_in_native, id=19980, stack(0x000000ffd9a00000,0x000000ffd9b00000) (1024K)]
  0x000002f096cefab0 JavaThread "Cache worker for file hash cache (C:\GradleHome\caches\9.7.1\fileHashes)"        [_thread_blocked, id=3236, stack(0x000000ffd9b00000,0x000000ffd9c00000) (1024K)]
  0x000002f0976f6790 JavaThread "File watcher server"        daemon [_thread_in_native, id=2824, stack(0x000000ffd9e00000,0x000000ffd9f00000) (1024K)]
  0x000002f0976f25f0 JavaThread "File watcher consumer"      daemon [_thread_blocked, id=17600, stack(0x000000ffd9f00000,0x000000ffda000000) (1024K)]
  0x000002f0976ee770 JavaThread "jar transforms"                    [_thread_blocked, id=21964, stack(0x000000ffda000000,0x000000ffda100000) (1024K)]
  0x000002f0976edfa0 JavaThread "jar transforms Thread 2"           [_thread_blocked, id=15404, stack(0x000000ffda100000,0x000000ffda200000) (1024K)]
  0x000002f0976ed000 JavaThread "jar transforms Thread 3"           [_thread_blocked, id=13228, stack(0x000000ffda200000,0x000000ffda300000) (1024K)]
  0x000002f0976ec060 JavaThread "jar transforms Thread 4"           [_thread_blocked, id=24928, stack(0x000000ffda300000,0x000000ffda400000) (1024K)]
  0x000002f098d433e0 JavaThread "Cache worker for file content cache (C:\GradleHome\caches\9.7.1\fileContent)"        [_thread_blocked, id=20212, stack(0x000000ffd7700000,0x000000ffd7800000) (1024K)]
  0x000002f098569270 JavaThread "Memory manager"                    [_thread_blocked, id=23928, stack(0x000000ffdb500000,0x000000ffdb600000) (1024K)]
  0x000002f0999e31a0 JavaThread "Daemon Thread 5"                   [_thread_blocked, id=14756, stack(0x000000ffd7800000,0x000000ffd7900000) (1024K)]
  0x000002f0999e2200 JavaThread "Handler for socket connection from /127.0.0.1:54981 to /127.0.0.1:56314"        [_thread_in_native, id=8344, stack(0x000000ffd7900000,0x000000ffd7a00000) (1024K)]
  0x000002f0999dcc10 JavaThread "Cancel handler"                    [_thread_blocked, id=7352, stack(0x000000ffd9200000,0x000000ffd9300000) (1024K)]
  0x000002f0999dd3e0 JavaThread "Daemon worker Thread 5"            [_thread_in_Java, id=19948, stack(0x000000ffd9300000,0x000000ffd9400000) (1024K)]
  0x000002f0999e50e0 JavaThread "Asynchronous log dispatcher for DefaultDaemonConnection: socket connection from /127.0.0.1:54981 to /127.0.0.1:56314"        [_thread_blocked, id=25528, stack(0x000000ffd9400000,0x000000ffd9500000) (1024K)]
  0x000002f0999e6850 JavaThread "Stdin handler"                     [_thread_blocked, id=19624, stack(0x000000ffd9500000,0x000000ffd9600000) (1024K)]
  0x000002f0999df320 JavaThread "Daemon client event forwarder"        [_thread_blocked, id=16916, stack(0x000000ffd9600000,0x000000ffd9700000) (1024K)]
  0x000002f0999e8790 JavaThread "Cache worker for file hash cache (C:\backenddeveloper\studyquest\studyquest-backend\.gradle\9.7.1\fileHashes)"        [_thread_blocked, id=24056, stack(0x000000ffd9700000,0x000000ffd9800000) (1024K)]
  0x000002f099276080 JavaThread "Cache worker for Build Output Cleanup Cache (C:\backenddeveloper\studyquest\studyquest-backend\.gradle\buildOutputCleanup)"        [_thread_blocked, id=15992, stack(0x000000ffd9800000,0x000000ffd9900000) (1024K)]
Total: 34

Other Threads:
  0x000002f0f60c1b60 VMThread "VM Thread"                           [id=17116, stack(0x000000ffd8100000,0x000000ffd8200000) (1024K)]
  0x000002f0f60b3ff0 WatcherThread "VM Periodic Task Thread"        [id=13752, stack(0x000000ffd8000000,0x000000ffd8100000) (1024K)]
  0x000002f0f6057510 WorkerThread "GC Thread#0"                     [id=23484, stack(0x000000ffd7b00000,0x000000ffd7c00000) (1024K)]
  0x000002f095d44890 WorkerThread "GC Thread#1"                     [id=9548, stack(0x000000ffd8c00000,0x000000ffd8d00000) (1024K)]
  0x000002f095d44cc0 WorkerThread "GC Thread#2"                     [id=25364, stack(0x000000ffd8d00000,0x000000ffd8e00000) (1024K)]
  0x000002f095d450f0 WorkerThread "GC Thread#3"                     [id=17076, stack(0x000000ffd8e00000,0x000000ffd8f00000) (1024K)]
  0x000002f0f605fe00 ConcurrentGCThread "G1 Main Marker"            [id=23352, stack(0x000000ffd7c00000,0x000000ffd7d00000) (1024K)]
  0x000002f0f60609a0 WorkerThread "G1 Conc#0"                       [id=22352, stack(0x000000ffd7d00000,0x000000ffd7e00000) (1024K)]
  0x000002f0f60a7090 ConcurrentGCThread "G1 Refine#0"               [id=8832, stack(0x000000ffd7e00000,0x000000ffd7f00000) (1024K)]
  0x000002f0f60a7ca0 ConcurrentGCThread "G1 Service"                [id=7696, stack(0x000000ffd7f00000,0x000000ffd8000000) (1024K)]
Total: 10

Threads with active compile tasks:
C2 CompilerThread0  2464029 25406   !   4       org.gradle.internal.service.DefaultServiceRegistry$FactoryService::bind (358 bytes)
Total: 1

VM state: not at safepoint (normal execution)

VM Mutex/Monitor currently owned by a thread: None

Heap address: 0x00000000e0000000, size: 512 MB, Compressed Oops mode: 32-bit

CDS archive(s) mapped at: [0x000000009c000000-0x000000009cdd0000-0x000000009cdd0000), size 14483456, SharedBaseAddress: 0x000000009c000000, ArchiveRelocationMode: 1.
Compressed class space mapped at: 0x000000009d000000-0x00000000b1000000, reserved size: 335544320
UseCompressedClassPointers 1, UseCompactObjectHeaders 0
Narrow klass pointer bits 32, Max shift 3
Narrow klass base: 0x000000009c000000, Narrow klass shift: 0
Encoding Range: [0x000000009c000000 - 0x000000019c000000), (4294967296 bytes)
Klass Range:    [0x000000009c010000 - 0x00000000b1000000), (352256000 bytes)
Klass ID Range:  [65536 - 352321529) (352255993)
Protection zone: [0x000000009c000000 - 0x000000009c010000), (65536 bytes)

GC Precious Log:
 CardTable entry size: 512
 Card Set container configuration: InlinePtr #cards 5 size 8 Array Of Cards #cards 10 size 36 Howl #buckets 4 coarsen threshold 1843 Howl Bitmap #cards 512 size 80 coarsen threshold 460 Card regions per heap region 1 cards per card region 2048
 CPUs: 4 total, 4 available
 Memory: 4010M
 Large Page Support: Disabled
 NUMA Support: Disabled
 Compressed Oops: Enabled (32-bit)
 Heap Region Size: 1M
 Heap Min Capacity: 256M
 Heap Initial Capacity: 256M
 Heap Max Capacity: 512M
 Pre-touch: Disabled
 Parallel Workers: 4
 Concurrent Workers: 1
 Concurrent Refinement Workers: 4
 Periodic GC: Disabled

Heap:
 garbage-first heap   total reserved 524288K, committed 295936K, used 165869K [0x00000000e0000000, 0x0000000100000000)
  region size 1024K, 22 young (22528K), 7 survivors (7168K)

Heap Regions: E=young(eden), S=young(survivor), O=old, HS=humongous(starts), HC=humongous(continues), CS=collection set, F=free, TAMS=top-at-mark-start, PB=parsable bottom
|   0|0x00000000e0000000, 0x00000000e0100000, 0x00000000e0100000|100%|HS|  |TAMS 0x00000000e0000000| PB 0x00000000e0000000| Complete |  0
|   1|0x00000000e0100000, 0x00000000e0200000, 0x00000000e0200000|100%|HC|  |TAMS 0x00000000e0100000| PB 0x00000000e0100000| Complete |  0
|   2|0x00000000e0200000, 0x00000000e0300000, 0x00000000e0300000|100%|HC|  |TAMS 0x00000000e0200000| PB 0x00000000e0200000| Complete |  0
|   3|0x00000000e0300000, 0x00000000e0400000, 0x00000000e0400000|100%|HC|  |TAMS 0x00000000e0300000| PB 0x00000000e0300000| Complete |  0
|   4|0x00000000e0400000, 0x00000000e0500000, 0x00000000e0500000|100%| O|  |TAMS 0x00000000e0400000| PB 0x00000000e0400000| Untracked |  0
|   5|0x00000000e0500000, 0x00000000e0600000, 0x00000000e0600000|100%| O|  |TAMS 0x00000000e0500000| PB 0x00000000e0500000| Untracked |  0
|   6|0x00000000e0600000, 0x00000000e0700000, 0x00000000e0700000|100%| O|  |TAMS 0x00000000e0600000| PB 0x00000000e0600000| Untracked |  0
|   7|0x00000000e0700000, 0x00000000e0800000, 0x00000000e0800000|100%| O|  |TAMS 0x00000000e0700000| PB 0x00000000e0700000| Untracked |  0
|   8|0x00000000e0800000, 0x00000000e0900000, 0x00000000e0900000|100%|HS|  |TAMS 0x00000000e0800000| PB 0x00000000e0800000| Complete |  0
|   9|0x00000000e0900000, 0x00000000e0a00000, 0x00000000e0a00000|100%| O|  |TAMS 0x00000000e0900000| PB 0x00000000e0900000| Untracked |  0
|  10|0x00000000e0a00000, 0x00000000e0b00000, 0x00000000e0b00000|100%| O|  |TAMS 0x00000000e0a00000| PB 0x00000000e0a00000| Untracked |  0
|  11|0x00000000e0b00000, 0x00000000e0c00000, 0x00000000e0c00000|100%| O|  |TAMS 0x00000000e0b00000| PB 0x00000000e0b00000| Untracked |  0
|  12|0x00000000e0c00000, 0x00000000e0d00000, 0x00000000e0d00000|100%| O|  |TAMS 0x00000000e0c00000| PB 0x00000000e0c00000| Untracked |  0
|  13|0x00000000e0d00000, 0x00000000e0e00000, 0x00000000e0e00000|100%| O|  |TAMS 0x00000000e0d00000| PB 0x00000000e0d00000| Untracked |  0
|  14|0x00000000e0e00000, 0x00000000e0f00000, 0x00000000e0f00000|100%| O|  |TAMS 0x00000000e0e00000| PB 0x00000000e0e00000| Untracked |  0
|  15|0x00000000e0f00000, 0x00000000e1000000, 0x00000000e1000000|100%| O|  |TAMS 0x00000000e0f00000| PB 0x00000000e0f00000| Untracked |  0
|  16|0x00000000e1000000, 0x00000000e1100000, 0x00000000e1100000|100%| O|  |TAMS 0x00000000e1000000| PB 0x00000000e1000000| Untracked |  0
|  17|0x00000000e1100000, 0x00000000e1200000, 0x00000000e1200000|100%| O|  |TAMS 0x00000000e1100000| PB 0x00000000e1100000| Untracked |  0
|  18|0x00000000e1200000, 0x00000000e1300000, 0x00000000e1300000|100%| O|  |TAMS 0x00000000e1200000| PB 0x00000000e1200000| Untracked |  0
|  19|0x00000000e1300000, 0x00000000e1400000, 0x00000000e1400000|100%| O|  |TAMS 0x00000000e1300000| PB 0x00000000e1300000| Untracked |  0
|  20|0x00000000e1400000, 0x00000000e1500000, 0x00000000e1500000|100%| O|  |TAMS 0x00000000e1400000| PB 0x00000000e1400000| Untracked |  0
|  21|0x00000000e1500000, 0x00000000e1600000, 0x00000000e1600000|100%| O|  |TAMS 0x00000000e1500000| PB 0x00000000e1500000| Untracked |  0
|  22|0x00000000e1600000, 0x00000000e1700000, 0x00000000e1700000|100%|HS|  |TAMS 0x00000000e1600000| PB 0x00000000e1600000| Complete |  0
|  23|0x00000000e1700000, 0x00000000e1800000, 0x00000000e1800000|100%|HC|  |TAMS 0x00000000e1700000| PB 0x00000000e1700000| Complete |  0
|  24|0x00000000e1800000, 0x00000000e1900000, 0x00000000e1900000|100%|HC|  |TAMS 0x00000000e1800000| PB 0x00000000e1800000| Complete |  0
|  25|0x00000000e1900000, 0x00000000e1a00000, 0x00000000e1a00000|100%|HC|  |TAMS 0x00000000e1900000| PB 0x00000000e1900000| Complete |  0
|  26|0x00000000e1a00000, 0x00000000e1b00000, 0x00000000e1b00000|100%|HC|  |TAMS 0x00000000e1a00000| PB 0x00000000e1a00000| Complete |  0
|  27|0x00000000e1b00000, 0x00000000e1c00000, 0x00000000e1c00000|100%|HC|  |TAMS 0x00000000e1b00000| PB 0x00000000e1b00000| Complete |  0
|  28|0x00000000e1c00000, 0x00000000e1d00000, 0x00000000e1d00000|100%|HS|  |TAMS 0x00000000e1c00000| PB 0x00000000e1c00000| Complete |  0
|  29|0x00000000e1d00000, 0x00000000e1e00000, 0x00000000e1e00000|100%|HS|  |TAMS 0x00000000e1d00000| PB 0x00000000e1d00000| Complete |  0
|  30|0x00000000e1e00000, 0x00000000e1f00000, 0x00000000e1f00000|100%|HS|  |TAMS 0x00000000e1e00000| PB 0x00000000e1e00000| Complete |  0
|  31|0x00000000e1f00000, 0x00000000e2000000, 0x00000000e2000000|100%|HC|  |TAMS 0x00000000e1f00000| PB 0x00000000e1f00000| Complete |  0
|  32|0x00000000e2000000, 0x00000000e2100000, 0x00000000e2100000|100%|HC|  |TAMS 0x00000000e2000000| PB 0x00000000e2000000| Complete |  0
|  33|0x00000000e2100000, 0x00000000e2200000, 0x00000000e2200000|100%|HC|  |TAMS 0x00000000e2100000| PB 0x00000000e2100000| Complete |  0
|  34|0x00000000e2200000, 0x00000000e2300000, 0x00000000e2300000|100%|HC|  |TAMS 0x00000000e2200000| PB 0x00000000e2200000| Complete |  0
|  35|0x00000000e2300000, 0x00000000e2400000, 0x00000000e2400000|100%|HC|  |TAMS 0x00000000e2300000| PB 0x00000000e2300000| Complete |  0
|  36|0x00000000e2400000, 0x00000000e2500000, 0x00000000e2500000|100%|HS|  |TAMS 0x00000000e2400000| PB 0x00000000e2400000| Complete |  0
|  37|0x00000000e2500000, 0x00000000e2600000, 0x00000000e2600000|100%|HS|  |TAMS 0x00000000e2500000| PB 0x00000000e2500000| Complete |  0
|  38|0x00000000e2600000, 0x00000000e2700000, 0x00000000e2700000|100%| O|  |TAMS 0x00000000e2600000| PB 0x00000000e2600000| Untracked |  0
|  39|0x00000000e2700000, 0x00000000e2800000, 0x00000000e2800000|100%| O|  |TAMS 0x00000000e2700000| PB 0x00000000e2700000| Untracked |  0
|  40|0x00000000e2800000, 0x00000000e2900000, 0x00000000e2900000|100%| O|  |TAMS 0x00000000e2800000| PB 0x00000000e2800000| Untracked |  0
|  41|0x00000000e2900000, 0x00000000e2a00000, 0x00000000e2a00000|100%| O|  |TAMS 0x00000000e2900000| PB 0x00000000e2900000| Untracked |  0
|  42|0x00000000e2a00000, 0x00000000e2b00000, 0x00000000e2b00000|100%| O|  |TAMS 0x00000000e2a00000| PB 0x00000000e2a00000| Untracked |  0
|  43|0x00000000e2b00000, 0x00000000e2c00000, 0x00000000e2c00000|100%| O|  |TAMS 0x00000000e2b00000| PB 0x00000000e2b00000| Untracked |  0
|  44|0x00000000e2c00000, 0x00000000e2d00000, 0x00000000e2d00000|100%| O|  |TAMS 0x00000000e2c00000| PB 0x00000000e2c00000| Untracked |  0
|  45|0x00000000e2d00000, 0x00000000e2e00000, 0x00000000e2e00000|100%| O|Cm|TAMS 0x00000000e2d00000| PB 0x00000000e2d00000| Complete |  0
|  46|0x00000000e2e00000, 0x00000000e2f00000, 0x00000000e2f00000|100%| O|  |TAMS 0x00000000e2e00000| PB 0x00000000e2e00000| Untracked |  0
|  47|0x00000000e2f00000, 0x00000000e3000000, 0x00000000e3000000|100%| O|  |TAMS 0x00000000e2f00000| PB 0x00000000e2f00000| Untracked |  0
|  48|0x00000000e3000000, 0x00000000e3100000, 0x00000000e3100000|100%| O|  |TAMS 0x00000000e3000000| PB 0x00000000e3000000| Untracked |  0
|  49|0x00000000e3100000, 0x00000000e3200000, 0x00000000e3200000|100%| O|  |TAMS 0x00000000e3100000| PB 0x00000000e3100000| Untracked |  0
|  50|0x00000000e3200000, 0x00000000e3300000, 0x00000000e3300000|100%| O|  |TAMS 0x00000000e3200000| PB 0x00000000e3200000| Untracked |  0
|  51|0x00000000e3300000, 0x00000000e3400000, 0x00000000e3400000|100%| O|  |TAMS 0x00000000e3300000| PB 0x00000000e3300000| Untracked |  0
|  52|0x00000000e3400000, 0x00000000e3500000, 0x00000000e3500000|100%| O|  |TAMS 0x00000000e3400000| PB 0x00000000e3400000| Untracked |  0
|  53|0x00000000e3500000, 0x00000000e3600000, 0x00000000e3600000|100%| O|  |TAMS 0x00000000e3500000| PB 0x00000000e3500000| Untracked |  0
|  54|0x00000000e3600000, 0x00000000e3700000, 0x00000000e3700000|100%| O|  |TAMS 0x00000000e3600000| PB 0x00000000e3600000| Untracked |  0
|  55|0x00000000e3700000, 0x00000000e3800000, 0x00000000e3800000|100%| O|  |TAMS 0x00000000e3700000| PB 0x00000000e3700000| Untracked |  0
|  56|0x00000000e3800000, 0x00000000e3900000, 0x00000000e3900000|100%| O|  |TAMS 0x00000000e3800000| PB 0x00000000e3800000| Untracked |  0
|  57|0x00000000e3900000, 0x00000000e3a00000, 0x00000000e3a00000|100%| O|  |TAMS 0x00000000e3900000| PB 0x00000000e3900000| Untracked |  0
|  58|0x00000000e3a00000, 0x00000000e3b00000, 0x00000000e3b00000|100%| O|  |TAMS 0x00000000e3a00000| PB 0x00000000e3a00000| Untracked |  0
|  59|0x00000000e3b00000, 0x00000000e3c00000, 0x00000000e3c00000|100%|HS|  |TAMS 0x00000000e3b00000| PB 0x00000000e3b00000| Complete |  0
|  60|0x00000000e3c00000, 0x00000000e3d00000, 0x00000000e3d00000|100%| O|  |TAMS 0x00000000e3c00000| PB 0x00000000e3c00000| Untracked |  0
|  61|0x00000000e3d00000, 0x00000000e3e00000, 0x00000000e3e00000|100%| O|  |TAMS 0x00000000e3d00000| PB 0x00000000e3d00000| Untracked |  0
|  62|0x00000000e3e00000, 0x00000000e3f00000, 0x00000000e3f00000|100%| O|  |TAMS 0x00000000e3e00000| PB 0x00000000e3e00000| Untracked |  0
|  63|0x00000000e3f00000, 0x00000000e4000000, 0x00000000e4000000|100%| O|  |TAMS 0x00000000e3f00000| PB 0x00000000e3f00000| Untracked |  0
|  64|0x00000000e4000000, 0x00000000e4100000, 0x00000000e4100000|100%| O|  |TAMS 0x00000000e4000000| PB 0x00000000e4000000| Untracked |  0
|  65|0x00000000e4100000, 0x00000000e4200000, 0x00000000e4200000|100%| O|  |TAMS 0x00000000e4100000| PB 0x00000000e4100000| Untracked |  0
|  66|0x00000000e4200000, 0x00000000e4300000, 0x00000000e4300000|100%| O|  |TAMS 0x00000000e4200000| PB 0x00000000e4200000| Untracked |  0
|  67|0x00000000e4300000, 0x00000000e4400000, 0x00000000e4400000|100%| O|  |TAMS 0x00000000e4300000| PB 0x00000000e4300000| Untracked |  0
|  68|0x00000000e4400000, 0x00000000e4500000, 0x00000000e4500000|100%| O|  |TAMS 0x00000000e4400000| PB 0x00000000e4400000| Untracked |  0
|  69|0x00000000e4500000, 0x00000000e4600000, 0x00000000e4600000|100%| O|Cm|TAMS 0x00000000e4500000| PB 0x00000000e4500000| Complete |  0
|  70|0x00000000e4600000, 0x00000000e4700000, 0x00000000e4700000|100%| O|Cm|TAMS 0x00000000e4600000| PB 0x00000000e4600000| Complete |  0
|  71|0x00000000e4700000, 0x00000000e4800000, 0x00000000e4800000|100%| O|Cm|TAMS 0x00000000e4700000| PB 0x00000000e4700000| Complete |  0
|  72|0x00000000e4800000, 0x00000000e4900000, 0x00000000e4900000|100%|HS|  |TAMS 0x00000000e4800000| PB 0x00000000e4800000| Complete |  0
|  73|0x00000000e4900000, 0x00000000e4a00000, 0x00000000e4a00000|100%| O|  |TAMS 0x00000000e4900000| PB 0x00000000e4900000| Untracked |  0
|  74|0x00000000e4a00000, 0x00000000e4b00000, 0x00000000e4b00000|100%| O|  |TAMS 0x00000000e4a00000| PB 0x00000000e4a00000| Untracked |  0
|  75|0x00000000e4b00000, 0x00000000e4c00000, 0x00000000e4c00000|100%| O|  |TAMS 0x00000000e4b00000| PB 0x00000000e4b00000| Untracked |  0
|  76|0x00000000e4c00000, 0x00000000e4d00000, 0x00000000e4d00000|100%| O|  |TAMS 0x00000000e4c00000| PB 0x00000000e4c00000| Untracked |  0
|  77|0x00000000e4d00000, 0x00000000e4e00000, 0x00000000e4e00000|100%| O|Cm|TAMS 0x00000000e4d00000| PB 0x00000000e4d00000| Complete |  0
|  78|0x00000000e4e00000, 0x00000000e4f00000, 0x00000000e4f00000|100%| O|Cm|TAMS 0x00000000e4e00000| PB 0x00000000e4e00000| Complete |  0
|  79|0x00000000e4f00000, 0x00000000e5000000, 0x00000000e5000000|100%| O|  |TAMS 0x00000000e4f00000| PB 0x00000000e4f00000| Untracked |  0
|  80|0x00000000e5000000, 0x00000000e5100000, 0x00000000e5100000|100%| O|  |TAMS 0x00000000e5000000| PB 0x00000000e5000000| Untracked |  0
|  81|0x00000000e5100000, 0x00000000e5200000, 0x00000000e5200000|100%| O|  |TAMS 0x00000000e5100000| PB 0x00000000e5100000| Untracked |  0
|  82|0x00000000e5200000, 0x00000000e5300000, 0x00000000e5300000|100%| O|  |TAMS 0x00000000e5200000| PB 0x00000000e5200000| Untracked |  0
|  83|0x00000000e5300000, 0x00000000e5400000, 0x00000000e5400000|100%| O|  |TAMS 0x00000000e5300000| PB 0x00000000e5300000| Untracked |  0
|  84|0x00000000e5400000, 0x00000000e5500000, 0x00000000e5500000|100%| O|  |TAMS 0x00000000e5400000| PB 0x00000000e5400000| Untracked |  0
|  85|0x00000000e5500000, 0x00000000e5600000, 0x00000000e5600000|100%| O|  |TAMS 0x00000000e5500000| PB 0x00000000e5500000| Untracked |  0
|  86|0x00000000e5600000, 0x00000000e5700000, 0x00000000e5700000|100%| O|Cm|TAMS 0x00000000e5600000| PB 0x00000000e5600000| Complete |  0
|  87|0x00000000e5700000, 0x00000000e5800000, 0x00000000e5800000|100%| O|  |TAMS 0x00000000e5700000| PB 0x00000000e5700000| Untracked |  0
|  88|0x00000000e5800000, 0x00000000e5900000, 0x00000000e5900000|100%| O|Cm|TAMS 0x00000000e5800000| PB 0x00000000e5800000| Complete |  0
|  89|0x00000000e5900000, 0x00000000e5a00000, 0x00000000e5a00000|100%| O|Cm|TAMS 0x00000000e5900000| PB 0x00000000e5900000| Complete |  0
|  90|0x00000000e5a00000, 0x00000000e5b00000, 0x00000000e5b00000|100%| O|  |TAMS 0x00000000e5a00000| PB 0x00000000e5a00000| Untracked |  0
|  91|0x00000000e5b00000, 0x00000000e5c00000, 0x00000000e5c00000|100%| O|  |TAMS 0x00000000e5b00000| PB 0x00000000e5b00000| Untracked |  0
|  92|0x00000000e5c00000, 0x00000000e5d00000, 0x00000000e5d00000|100%| O|  |TAMS 0x00000000e5c00000| PB 0x00000000e5c00000| Untracked |  0
|  93|0x00000000e5d00000, 0x00000000e5e00000, 0x00000000e5e00000|100%| O|Cm|TAMS 0x00000000e5d00000| PB 0x00000000e5d00000| Complete |  0
|  94|0x00000000e5e00000, 0x00000000e5f00000, 0x00000000e5f00000|100%| O|  |TAMS 0x00000000e5e00000| PB 0x00000000e5e00000| Untracked |  0
|  95|0x00000000e5f00000, 0x00000000e6000000, 0x00000000e6000000|100%| O|Cm|TAMS 0x00000000e5f00000| PB 0x00000000e5f00000| Complete |  0
|  96|0x00000000e6000000, 0x00000000e6100000, 0x00000000e6100000|100%| O|Cm|TAMS 0x00000000e6000000| PB 0x00000000e6000000| Complete |  0
|  97|0x00000000e6100000, 0x00000000e6200000, 0x00000000e6200000|100%| O|Cm|TAMS 0x00000000e6100000| PB 0x00000000e6100000| Complete |  0
|  98|0x00000000e6200000, 0x00000000e6300000, 0x00000000e6300000|100%| O|  |TAMS 0x00000000e6200000| PB 0x00000000e6200000| Untracked |  0
|  99|0x00000000e6300000, 0x00000000e6400000, 0x00000000e6400000|100%| O|Cm|TAMS 0x00000000e6300000| PB 0x00000000e6300000| Complete |  0
| 100|0x00000000e6400000, 0x00000000e6500000, 0x00000000e6500000|100%| O|Cm|TAMS 0x00000000e6400000| PB 0x00000000e6400000| Complete |  0
| 101|0x00000000e6500000, 0x00000000e6600000, 0x00000000e6600000|100%| O|  |TAMS 0x00000000e6500000| PB 0x00000000e6500000| Untracked |  0
| 102|0x00000000e6600000, 0x00000000e6700000, 0x00000000e6700000|100%| O|  |TAMS 0x00000000e6600000| PB 0x00000000e6600000| Untracked |  0
| 103|0x00000000e6700000, 0x00000000e6800000, 0x00000000e6800000|100%| O|Cm|TAMS 0x00000000e6700000| PB 0x00000000e6700000| Complete |  0
| 104|0x00000000e6800000, 0x00000000e6900000, 0x00000000e6900000|100%| O|  |TAMS 0x00000000e6800000| PB 0x00000000e6800000| Untracked |  0
| 105|0x00000000e6900000, 0x00000000e6a00000, 0x00000000e6a00000|100%| O|  |TAMS 0x00000000e6900000| PB 0x00000000e6900000| Untracked |  0
| 106|0x00000000e6a00000, 0x00000000e6b00000, 0x00000000e6b00000|100%| O|Cm|TAMS 0x00000000e6a00000| PB 0x00000000e6a00000| Complete |  0
| 107|0x00000000e6b00000, 0x00000000e6c00000, 0x00000000e6c00000|100%| O|  |TAMS 0x00000000e6b00000| PB 0x00000000e6b00000| Untracked |  0
| 108|0x00000000e6c00000, 0x00000000e6d00000, 0x00000000e6d00000|100%| O|  |TAMS 0x00000000e6c00000| PB 0x00000000e6c00000| Untracked |  0
| 109|0x00000000e6d00000, 0x00000000e6e00000, 0x00000000e6e00000|100%| O|  |TAMS 0x00000000e6d00000| PB 0x00000000e6d00000| Untracked |  0
| 110|0x00000000e6e00000, 0x00000000e6f00000, 0x00000000e6f00000|100%| O|Cm|TAMS 0x00000000e6e00000| PB 0x00000000e6e00000| Complete |  0
| 111|0x00000000e6f00000, 0x00000000e7000000, 0x00000000e7000000|100%| O|  |TAMS 0x00000000e6f00000| PB 0x00000000e6f00000| Untracked |  0
| 112|0x00000000e7000000, 0x00000000e7100000, 0x00000000e7100000|100%| O|Cm|TAMS 0x00000000e7000000| PB 0x00000000e7000000| Complete |  0
| 113|0x00000000e7100000, 0x00000000e7200000, 0x00000000e7200000|100%| O|Cm|TAMS 0x00000000e7100000| PB 0x00000000e7100000| Complete |  0
| 114|0x00000000e7200000, 0x00000000e7300000, 0x00000000e7300000|100%| O|Cm|TAMS 0x00000000e7200000| PB 0x00000000e7200000| Complete |  0
| 115|0x00000000e7300000, 0x00000000e7400000, 0x00000000e7400000|100%| O|  |TAMS 0x00000000e7300000| PB 0x00000000e7300000| Untracked |  0
| 116|0x00000000e7400000, 0x00000000e7500000, 0x00000000e7500000|100%| O|  |TAMS 0x00000000e7400000| PB 0x00000000e7400000| Untracked |  0
| 117|0x00000000e7500000, 0x00000000e7600000, 0x00000000e7600000|100%| O|  |TAMS 0x00000000e7500000| PB 0x00000000e7500000| Untracked |  0
| 118|0x00000000e7600000, 0x00000000e7700000, 0x00000000e7700000|100%| O|  |TAMS 0x00000000e7600000| PB 0x00000000e7600000| Untracked |  0
| 119|0x00000000e7700000, 0x00000000e7800000, 0x00000000e7800000|100%| O|  |TAMS 0x00000000e7700000| PB 0x00000000e7700000| Untracked |  0
| 120|0x00000000e7800000, 0x00000000e7900000, 0x00000000e7900000|100%| O|Cm|TAMS 0x00000000e7800000| PB 0x00000000e7800000| Complete |  0
| 121|0x00000000e7900000, 0x00000000e7a00000, 0x00000000e7a00000|100%| O|Cm|TAMS 0x00000000e7900000| PB 0x00000000e7900000| Complete |  0
| 122|0x00000000e7a00000, 0x00000000e7b00000, 0x00000000e7b00000|100%| O|Cm|TAMS 0x00000000e7a00000| PB 0x00000000e7a00000| Complete |  0
| 123|0x00000000e7b00000, 0x00000000e7c00000, 0x00000000e7c00000|100%| O|Cm|TAMS 0x00000000e7b00000| PB 0x00000000e7b00000| Complete |  0
| 124|0x00000000e7c00000, 0x00000000e7d00000, 0x00000000e7d00000|100%| O|Cm|TAMS 0x00000000e7c00000| PB 0x00000000e7c00000| Complete |  0
| 125|0x00000000e7d00000, 0x00000000e7e00000, 0x00000000e7e00000|100%| O|  |TAMS 0x00000000e7d00000| PB 0x00000000e7d00000| Untracked |  0
| 126|0x00000000e7e00000, 0x00000000e7f00000, 0x00000000e7f00000|100%| O|Cm|TAMS 0x00000000e7e00000| PB 0x00000000e7e00000| Complete |  0
| 127|0x00000000e7f00000, 0x00000000e8000000, 0x00000000e8000000|100%| O|  |TAMS 0x00000000e7f00000| PB 0x00000000e7f00000| Untracked |  0
| 128|0x00000000e8000000, 0x00000000e8100000, 0x00000000e8100000|100%| O|  |TAMS 0x00000000e8000000| PB 0x00000000e8000000| Untracked |  0
| 129|0x00000000e8100000, 0x00000000e8200000, 0x00000000e8200000|100%| O|Cm|TAMS 0x00000000e8100000| PB 0x00000000e8100000| Complete |  0
| 130|0x00000000e8200000, 0x00000000e8300000, 0x00000000e8300000|100%| O|Cm|TAMS 0x00000000e8200000| PB 0x00000000e8200000| Complete |  0
| 131|0x00000000e8300000, 0x00000000e8400000, 0x00000000e8400000|100%| O|  |TAMS 0x00000000e8300000| PB 0x00000000e8300000| Untracked |  0
| 132|0x00000000e8400000, 0x00000000e8500000, 0x00000000e8500000|100%| O|Cm|TAMS 0x00000000e8400000| PB 0x00000000e8400000| Complete |  0
| 133|0x00000000e8500000, 0x00000000e8600000, 0x00000000e8600000|100%| O|Cm|TAMS 0x00000000e8500000| PB 0x00000000e8500000| Complete |  0
| 134|0x00000000e8600000, 0x00000000e8700000, 0x00000000e8700000|100%| O|Cm|TAMS 0x00000000e8600000| PB 0x00000000e8600000| Complete |  0
| 135|0x00000000e8700000, 0x00000000e8800000, 0x00000000e8800000|100%| O|Cm|TAMS 0x00000000e8700000| PB 0x00000000e8700000| Complete |  0
| 136|0x00000000e8800000, 0x00000000e8800000, 0x00000000e8900000|  0%| F|  |TAMS 0x00000000e8800000| PB 0x00000000e8800000| Untracked |  0
| 137|0x00000000e8900000, 0x00000000e8900000, 0x00000000e8a00000|  0%| F|  |TAMS 0x00000000e8900000| PB 0x00000000e8900000| Untracked |  0
| 138|0x00000000e8a00000, 0x00000000e8b00000, 0x00000000e8b00000|100%| O|Cm|TAMS 0x00000000e8a00000| PB 0x00000000e8a00000| Complete |  0
| 139|0x00000000e8b00000, 0x00000000e8c00000, 0x00000000e8c00000|100%| O|Cm|TAMS 0x00000000e8b00000| PB 0x00000000e8b00000| Complete |  0
| 140|0x00000000e8c00000, 0x00000000e8d00000, 0x00000000e8d00000|100%| O|  |TAMS 0x00000000e8c00000| PB 0x00000000e8c00000| Untracked |  0
| 141|0x00000000e8d00000, 0x00000000e8e00000, 0x00000000e8e00000|100%| O|  |TAMS 0x00000000e8d00000| PB 0x00000000e8d00000| Untracked |  0
| 142|0x00000000e8e00000, 0x00000000e8f00000, 0x00000000e8f00000|100%| O|Cm|TAMS 0x00000000e8e00000| PB 0x00000000e8e00000| Complete |  0
| 143|0x00000000e8f00000, 0x00000000e8f32b80, 0x00000000e9000000| 19%| O|  |TAMS 0x00000000e8f00000| PB 0x00000000e8f00000| Untracked |  0
| 144|0x00000000e9000000, 0x00000000e9000000, 0x00000000e9100000|  0%| F|  |TAMS 0x00000000e9000000| PB 0x00000000e9000000| Untracked |  0
| 145|0x00000000e9100000, 0x00000000e9100000, 0x00000000e9200000|  0%| F|  |TAMS 0x00000000e9100000| PB 0x00000000e9100000| Untracked |  0
| 146|0x00000000e9200000, 0x00000000e9200000, 0x00000000e9300000|  0%| F|  |TAMS 0x00000000e9200000| PB 0x00000000e9200000| Untracked |  0
| 147|0x00000000e9300000, 0x00000000e9300000, 0x00000000e9400000|  0%| F|  |TAMS 0x00000000e9300000| PB 0x00000000e9300000| Untracked |  0
| 148|0x00000000e9400000, 0x00000000e9400000, 0x00000000e9500000|  0%| F|  |TAMS 0x00000000e9400000| PB 0x00000000e9400000| Untracked |  0
| 149|0x00000000e9500000, 0x00000000e9500000, 0x00000000e9600000|  0%| F|  |TAMS 0x00000000e9500000| PB 0x00000000e9500000| Untracked |  0
| 150|0x00000000e9600000, 0x00000000e9600000, 0x00000000e9700000|  0%| F|  |TAMS 0x00000000e9600000| PB 0x00000000e9600000| Untracked |  0
| 151|0x00000000e9700000, 0x00000000e9700000, 0x00000000e9800000|  0%| F|  |TAMS 0x00000000e9700000| PB 0x00000000e9700000| Untracked |  0
| 152|0x00000000e9800000, 0x00000000e9800000, 0x00000000e9900000|  0%| F|  |TAMS 0x00000000e9800000| PB 0x00000000e9800000| Untracked |  0
| 153|0x00000000e9900000, 0x00000000e9900000, 0x00000000e9a00000|  0%| F|  |TAMS 0x00000000e9900000| PB 0x00000000e9900000| Untracked |  0
| 154|0x00000000e9a00000, 0x00000000e9a00000, 0x00000000e9b00000|  0%| F|  |TAMS 0x00000000e9a00000| PB 0x00000000e9a00000| Untracked |  0
| 155|0x00000000e9b00000, 0x00000000e9b00000, 0x00000000e9c00000|  0%| F|  |TAMS 0x00000000e9b00000| PB 0x00000000e9b00000| Untracked |  0
| 156|0x00000000e9c00000, 0x00000000e9c00000, 0x00000000e9d00000|  0%| F|  |TAMS 0x00000000e9c00000| PB 0x00000000e9c00000| Untracked |  0
| 157|0x00000000e9d00000, 0x00000000e9d00000, 0x00000000e9e00000|  0%| F|  |TAMS 0x00000000e9d00000| PB 0x00000000e9d00000| Untracked |  0
| 158|0x00000000e9e00000, 0x00000000e9e00000, 0x00000000e9f00000|  0%| F|  |TAMS 0x00000000e9e00000| PB 0x00000000e9e00000| Untracked |  0
| 159|0x00000000e9f00000, 0x00000000e9f00000, 0x00000000ea000000|  0%| F|  |TAMS 0x00000000e9f00000| PB 0x00000000e9f00000| Untracked |  0
| 160|0x00000000ea000000, 0x00000000ea000000, 0x00000000ea100000|  0%| F|  |TAMS 0x00000000ea000000| PB 0x00000000ea000000| Untracked |  0
| 161|0x00000000ea100000, 0x00000000ea100000, 0x00000000ea200000|  0%| F|  |TAMS 0x00000000ea100000| PB 0x00000000ea100000| Untracked |  0
| 162|0x00000000ea200000, 0x00000000ea200000, 0x00000000ea300000|  0%| F|  |TAMS 0x00000000ea200000| PB 0x00000000ea200000| Untracked |  0
| 163|0x00000000ea300000, 0x00000000ea300000, 0x00000000ea400000|  0%| F|  |TAMS 0x00000000ea300000| PB 0x00000000ea300000| Untracked |  0
| 164|0x00000000ea400000, 0x00000000ea400000, 0x00000000ea500000|  0%| F|  |TAMS 0x00000000ea400000| PB 0x00000000ea400000| Untracked |  0
| 165|0x00000000ea500000, 0x00000000ea500000, 0x00000000ea600000|  0%| F|  |TAMS 0x00000000ea500000| PB 0x00000000ea500000| Untracked |  0
| 166|0x00000000ea600000, 0x00000000ea600000, 0x00000000ea700000|  0%| F|  |TAMS 0x00000000ea600000| PB 0x00000000ea600000| Untracked |  0
| 167|0x00000000ea700000, 0x00000000ea700000, 0x00000000ea800000|  0%| F|  |TAMS 0x00000000ea700000| PB 0x00000000ea700000| Untracked |  0
| 168|0x00000000ea800000, 0x00000000ea800000, 0x00000000ea900000|  0%| F|  |TAMS 0x00000000ea800000| PB 0x00000000ea800000| Untracked |  0
| 169|0x00000000ea900000, 0x00000000ea900000, 0x00000000eaa00000|  0%| F|  |TAMS 0x00000000ea900000| PB 0x00000000ea900000| Untracked |  0
| 170|0x00000000eaa00000, 0x00000000eaa00000, 0x00000000eab00000|  0%| F|  |TAMS 0x00000000eaa00000| PB 0x00000000eaa00000| Untracked |  0
| 171|0x00000000eab00000, 0x00000000eab00000, 0x00000000eac00000|  0%| F|  |TAMS 0x00000000eab00000| PB 0x00000000eab00000| Untracked |  0
| 172|0x00000000eac00000, 0x00000000eac00000, 0x00000000ead00000|  0%| F|  |TAMS 0x00000000eac00000| PB 0x00000000eac00000| Untracked |  0
| 173|0x00000000ead00000, 0x00000000ead00000, 0x00000000eae00000|  0%| F|  |TAMS 0x00000000ead00000| PB 0x00000000ead00000| Untracked |  0
| 174|0x00000000eae00000, 0x00000000eae00000, 0x00000000eaf00000|  0%| F|  |TAMS 0x00000000eae00000| PB 0x00000000eae00000| Untracked |  0
| 175|0x00000000eaf00000, 0x00000000eaf00000, 0x00000000eb000000|  0%| F|  |TAMS 0x00000000eaf00000| PB 0x00000000eaf00000| Untracked |  0
| 176|0x00000000eb000000, 0x00000000eb000000, 0x00000000eb100000|  0%| F|  |TAMS 0x00000000eb000000| PB 0x00000000eb000000| Untracked |  0
| 177|0x00000000eb100000, 0x00000000eb100000, 0x00000000eb200000|  0%| F|  |TAMS 0x00000000eb100000| PB 0x00000000eb100000| Untracked |  0
| 178|0x00000000eb200000, 0x00000000eb200000, 0x00000000eb300000|  0%| F|  |TAMS 0x00000000eb200000| PB 0x00000000eb200000| Untracked |  0
| 179|0x00000000eb300000, 0x00000000eb300000, 0x00000000eb400000|  0%| F|  |TAMS 0x00000000eb300000| PB 0x00000000eb300000| Untracked |  0
| 180|0x00000000eb400000, 0x00000000eb400000, 0x00000000eb500000|  0%| F|  |TAMS 0x00000000eb400000| PB 0x00000000eb400000| Untracked |  0
| 181|0x00000000eb500000, 0x00000000eb500000, 0x00000000eb600000|  0%| F|  |TAMS 0x00000000eb500000| PB 0x00000000eb500000| Untracked |  0
| 182|0x00000000eb600000, 0x00000000eb600000, 0x00000000eb700000|  0%| F|  |TAMS 0x00000000eb600000| PB 0x00000000eb600000| Untracked |  0
| 183|0x00000000eb700000, 0x00000000eb700000, 0x00000000eb800000|  0%| F|  |TAMS 0x00000000eb700000| PB 0x00000000eb700000| Untracked |  0
| 184|0x00000000eb800000, 0x00000000eb800000, 0x00000000eb900000|  0%| F|  |TAMS 0x00000000eb800000| PB 0x00000000eb800000| Untracked |  0
| 185|0x00000000eb900000, 0x00000000eb900000, 0x00000000eba00000|  0%| F|  |TAMS 0x00000000eb900000| PB 0x00000000eb900000| Untracked |  0
| 186|0x00000000eba00000, 0x00000000eba00000, 0x00000000ebb00000|  0%| F|  |TAMS 0x00000000eba00000| PB 0x00000000eba00000| Untracked |  0
| 187|0x00000000ebb00000, 0x00000000ebb00000, 0x00000000ebc00000|  0%| F|  |TAMS 0x00000000ebb00000| PB 0x00000000ebb00000| Untracked |  0
| 188|0x00000000ebc00000, 0x00000000ebc00000, 0x00000000ebd00000|  0%| F|  |TAMS 0x00000000ebc00000| PB 0x00000000ebc00000| Untracked |  0
| 189|0x00000000ebd00000, 0x00000000ebd00000, 0x00000000ebe00000|  0%| F|  |TAMS 0x00000000ebd00000| PB 0x00000000ebd00000| Untracked |  0
| 190|0x00000000ebe00000, 0x00000000ebe00000, 0x00000000ebf00000|  0%| F|  |TAMS 0x00000000ebe00000| PB 0x00000000ebe00000| Untracked |  0
| 191|0x00000000ebf00000, 0x00000000ebf00000, 0x00000000ec000000|  0%| F|  |TAMS 0x00000000ebf00000| PB 0x00000000ebf00000| Untracked |  0
| 192|0x00000000ec000000, 0x00000000ec000000, 0x00000000ec100000|  0%| F|  |TAMS 0x00000000ec000000| PB 0x00000000ec000000| Untracked |  0
| 193|0x00000000ec100000, 0x00000000ec1c8980, 0x00000000ec200000| 78%| S|CS|TAMS 0x00000000ec100000| PB 0x00000000ec100000| Complete |  0
| 194|0x00000000ec200000, 0x00000000ec300000, 0x00000000ec300000|100%| S|CS|TAMS 0x00000000ec200000| PB 0x00000000ec200000| Complete |  0
| 195|0x00000000ec300000, 0x00000000ec400000, 0x00000000ec400000|100%| S|CS|TAMS 0x00000000ec300000| PB 0x00000000ec300000| Complete |  0
| 196|0x00000000ec400000, 0x00000000ec500000, 0x00000000ec500000|100%| S|CS|TAMS 0x00000000ec400000| PB 0x00000000ec400000| Complete |  0
| 197|0x00000000ec500000, 0x00000000ec600000, 0x00000000ec600000|100%| S|CS|TAMS 0x00000000ec500000| PB 0x00000000ec500000| Complete |  0
| 198|0x00000000ec600000, 0x00000000ec700000, 0x00000000ec700000|100%| S|CS|TAMS 0x00000000ec600000| PB 0x00000000ec600000| Complete |  0
| 199|0x00000000ec700000, 0x00000000ec800000, 0x00000000ec800000|100%| S|CS|TAMS 0x00000000ec700000| PB 0x00000000ec700000| Complete |  0
| 200|0x00000000ec800000, 0x00000000ec800000, 0x00000000ec900000|  0%| F|  |TAMS 0x00000000ec800000| PB 0x00000000ec800000| Untracked |  0
| 201|0x00000000ec900000, 0x00000000ec900000, 0x00000000eca00000|  0%| F|  |TAMS 0x00000000ec900000| PB 0x00000000ec900000| Untracked |  0
| 202|0x00000000eca00000, 0x00000000eca00000, 0x00000000ecb00000|  0%| F|  |TAMS 0x00000000eca00000| PB 0x00000000eca00000| Untracked |  0
| 203|0x00000000ecb00000, 0x00000000ecb00000, 0x00000000ecc00000|  0%| F|  |TAMS 0x00000000ecb00000| PB 0x00000000ecb00000| Untracked |  0
| 204|0x00000000ecc00000, 0x00000000ecc00000, 0x00000000ecd00000|  0%| F|  |TAMS 0x00000000ecc00000| PB 0x00000000ecc00000| Untracked |  0
| 205|0x00000000ecd00000, 0x00000000ecd00000, 0x00000000ece00000|  0%| F|  |TAMS 0x00000000ecd00000| PB 0x00000000ecd00000| Untracked |  0
| 206|0x00000000ece00000, 0x00000000ece00000, 0x00000000ecf00000|  0%| F|  |TAMS 0x00000000ece00000| PB 0x00000000ece00000| Untracked |  0
| 207|0x00000000ecf00000, 0x00000000ecf00000, 0x00000000ed000000|  0%| F|  |TAMS 0x00000000ecf00000| PB 0x00000000ecf00000| Untracked |  0
| 208|0x00000000ed000000, 0x00000000ed000000, 0x00000000ed100000|  0%| F|  |TAMS 0x00000000ed000000| PB 0x00000000ed000000| Untracked |  0
| 209|0x00000000ed100000, 0x00000000ed100000, 0x00000000ed200000|  0%| F|  |TAMS 0x00000000ed100000| PB 0x00000000ed100000| Untracked |  0
| 210|0x00000000ed200000, 0x00000000ed200000, 0x00000000ed300000|  0%| F|  |TAMS 0x00000000ed200000| PB 0x00000000ed200000| Untracked |  0
| 211|0x00000000ed300000, 0x00000000ed300000, 0x00000000ed400000|  0%| F|  |TAMS 0x00000000ed300000| PB 0x00000000ed300000| Untracked |  0
| 212|0x00000000ed400000, 0x00000000ed400000, 0x00000000ed500000|  0%| F|  |TAMS 0x00000000ed400000| PB 0x00000000ed400000| Untracked |  0
| 213|0x00000000ed500000, 0x00000000ed500000, 0x00000000ed600000|  0%| F|  |TAMS 0x00000000ed500000| PB 0x00000000ed500000| Untracked |  0
| 214|0x00000000ed600000, 0x00000000ed600000, 0x00000000ed700000|  0%| F|  |TAMS 0x00000000ed600000| PB 0x00000000ed600000| Untracked |  0
| 215|0x00000000ed700000, 0x00000000ed700000, 0x00000000ed800000|  0%| F|  |TAMS 0x00000000ed700000| PB 0x00000000ed700000| Untracked |  0
| 216|0x00000000ed800000, 0x00000000ed800000, 0x00000000ed900000|  0%| F|  |TAMS 0x00000000ed800000| PB 0x00000000ed800000| Untracked |  0
| 217|0x00000000ed900000, 0x00000000ed900000, 0x00000000eda00000|  0%| F|  |TAMS 0x00000000ed900000| PB 0x00000000ed900000| Untracked |  0
| 218|0x00000000eda00000, 0x00000000eda00000, 0x00000000edb00000|  0%| F|  |TAMS 0x00000000eda00000| PB 0x00000000eda00000| Untracked |  0
| 219|0x00000000edb00000, 0x00000000edb00000, 0x00000000edc00000|  0%| F|  |TAMS 0x00000000edb00000| PB 0x00000000edb00000| Untracked |  0
| 220|0x00000000edc00000, 0x00000000edc00000, 0x00000000edd00000|  0%| F|  |TAMS 0x00000000edc00000| PB 0x00000000edc00000| Untracked |  0
| 221|0x00000000edd00000, 0x00000000edd00000, 0x00000000ede00000|  0%| F|  |TAMS 0x00000000edd00000| PB 0x00000000edd00000| Untracked |  0
| 222|0x00000000ede00000, 0x00000000ede00000, 0x00000000edf00000|  0%| F|  |TAMS 0x00000000ede00000| PB 0x00000000ede00000| Untracked |  0
| 223|0x00000000edf00000, 0x00000000edf00000, 0x00000000ee000000|  0%| F|  |TAMS 0x00000000edf00000| PB 0x00000000edf00000| Untracked |  0
| 224|0x00000000ee000000, 0x00000000ee000000, 0x00000000ee100000|  0%| F|  |TAMS 0x00000000ee000000| PB 0x00000000ee000000| Untracked |  0
| 225|0x00000000ee100000, 0x00000000ee100000, 0x00000000ee200000|  0%| F|  |TAMS 0x00000000ee100000| PB 0x00000000ee100000| Untracked |  0
| 226|0x00000000ee200000, 0x00000000ee200000, 0x00000000ee300000|  0%| F|  |TAMS 0x00000000ee200000| PB 0x00000000ee200000| Untracked |  0
| 227|0x00000000ee300000, 0x00000000ee300000, 0x00000000ee400000|  0%| F|  |TAMS 0x00000000ee300000| PB 0x00000000ee300000| Untracked |  0
| 228|0x00000000ee400000, 0x00000000ee400000, 0x00000000ee500000|  0%| F|  |TAMS 0x00000000ee400000| PB 0x00000000ee400000| Untracked |  0
| 229|0x00000000ee500000, 0x00000000ee500000, 0x00000000ee600000|  0%| F|  |TAMS 0x00000000ee500000| PB 0x00000000ee500000| Untracked |  0
| 230|0x00000000ee600000, 0x00000000ee600000, 0x00000000ee700000|  0%| F|  |TAMS 0x00000000ee600000| PB 0x00000000ee600000| Untracked |  0
| 231|0x00000000ee700000, 0x00000000ee700000, 0x00000000ee800000|  0%| F|  |TAMS 0x00000000ee700000| PB 0x00000000ee700000| Untracked |  0
| 232|0x00000000ee800000, 0x00000000ee800000, 0x00000000ee900000|  0%| F|  |TAMS 0x00000000ee800000| PB 0x00000000ee800000| Untracked |  0
| 233|0x00000000ee900000, 0x00000000ee900000, 0x00000000eea00000|  0%| F|  |TAMS 0x00000000ee900000| PB 0x00000000ee900000| Untracked |  0
| 234|0x00000000eea00000, 0x00000000eea00000, 0x00000000eeb00000|  0%| F|  |TAMS 0x00000000eea00000| PB 0x00000000eea00000| Untracked |  0
| 235|0x00000000eeb00000, 0x00000000eeb00000, 0x00000000eec00000|  0%| F|  |TAMS 0x00000000eeb00000| PB 0x00000000eeb00000| Untracked |  0
| 236|0x00000000eec00000, 0x00000000eec00000, 0x00000000eed00000|  0%| F|  |TAMS 0x00000000eec00000| PB 0x00000000eec00000| Untracked |  0
| 237|0x00000000eed00000, 0x00000000eed00000, 0x00000000eee00000|  0%| F|  |TAMS 0x00000000eed00000| PB 0x00000000eed00000| Untracked |  0
| 238|0x00000000eee00000, 0x00000000eee00000, 0x00000000eef00000|  0%| F|  |TAMS 0x00000000eee00000| PB 0x00000000eee00000| Untracked |  0
| 239|0x00000000eef00000, 0x00000000eef00000, 0x00000000ef000000|  0%| F|  |TAMS 0x00000000eef00000| PB 0x00000000eef00000| Untracked |  0
| 240|0x00000000ef000000, 0x00000000ef000000, 0x00000000ef100000|  0%| F|  |TAMS 0x00000000ef000000| PB 0x00000000ef000000| Untracked |  0
| 241|0x00000000ef100000, 0x00000000ef100000, 0x00000000ef200000|  0%| F|  |TAMS 0x00000000ef100000| PB 0x00000000ef100000| Untracked |  0
| 242|0x00000000ef200000, 0x00000000ef200000, 0x00000000ef300000|  0%| F|  |TAMS 0x00000000ef200000| PB 0x00000000ef200000| Untracked |  0
| 243|0x00000000ef300000, 0x00000000ef300000, 0x00000000ef400000|  0%| F|  |TAMS 0x00000000ef300000| PB 0x00000000ef300000| Untracked |  0
| 244|0x00000000ef400000, 0x00000000ef400000, 0x00000000ef500000|  0%| F|  |TAMS 0x00000000ef400000| PB 0x00000000ef400000| Untracked |  0
| 245|0x00000000ef500000, 0x00000000ef500000, 0x00000000ef600000|  0%| F|  |TAMS 0x00000000ef500000| PB 0x00000000ef500000| Untracked |  0
| 246|0x00000000ef600000, 0x00000000ef600000, 0x00000000ef700000|  0%| F|  |TAMS 0x00000000ef600000| PB 0x00000000ef600000| Untracked |  0
| 247|0x00000000ef700000, 0x00000000ef700000, 0x00000000ef800000|  0%| F|  |TAMS 0x00000000ef700000| PB 0x00000000ef700000| Untracked |  0
| 248|0x00000000ef800000, 0x00000000ef800000, 0x00000000ef900000|  0%| F|  |TAMS 0x00000000ef800000| PB 0x00000000ef800000| Untracked |  0
| 249|0x00000000ef900000, 0x00000000ef900000, 0x00000000efa00000|  0%| F|  |TAMS 0x00000000ef900000| PB 0x00000000ef900000| Untracked |  0
| 250|0x00000000efa00000, 0x00000000efa00000, 0x00000000efb00000|  0%| F|  |TAMS 0x00000000efa00000| PB 0x00000000efa00000| Untracked |  0
| 251|0x00000000efb00000, 0x00000000efb00000, 0x00000000efc00000|  0%| F|  |TAMS 0x00000000efb00000| PB 0x00000000efb00000| Untracked |  0
| 252|0x00000000efc00000, 0x00000000efc00000, 0x00000000efd00000|  0%| F|  |TAMS 0x00000000efc00000| PB 0x00000000efc00000| Untracked |  0
| 253|0x00000000efd00000, 0x00000000efd00000, 0x00000000efe00000|  0%| F|  |TAMS 0x00000000efd00000| PB 0x00000000efd00000| Untracked |  0
| 254|0x00000000efe00000, 0x00000000efe00000, 0x00000000eff00000|  0%| F|  |TAMS 0x00000000efe00000| PB 0x00000000efe00000| Untracked |  0
| 255|0x00000000eff00000, 0x00000000eff00000, 0x00000000f0000000|  0%| F|  |TAMS 0x00000000eff00000| PB 0x00000000eff00000| Untracked |  0
| 256|0x00000000f0000000, 0x00000000f0000000, 0x00000000f0100000|  0%| F|  |TAMS 0x00000000f0000000| PB 0x00000000f0000000| Untracked |  0
| 257|0x00000000f0100000, 0x00000000f0100000, 0x00000000f0200000|  0%| F|  |TAMS 0x00000000f0100000| PB 0x00000000f0100000| Untracked |  0
| 258|0x00000000f0200000, 0x00000000f0200000, 0x00000000f0300000|  0%| F|  |TAMS 0x00000000f0200000| PB 0x00000000f0200000| Untracked |  0
| 259|0x00000000f0300000, 0x00000000f0300000, 0x00000000f0400000|  0%| F|  |TAMS 0x00000000f0300000| PB 0x00000000f0300000| Untracked |  0
| 260|0x00000000f0400000, 0x00000000f0400000, 0x00000000f0500000|  0%| F|  |TAMS 0x00000000f0400000| PB 0x00000000f0400000| Untracked |  0
| 261|0x00000000f0500000, 0x00000000f0500000, 0x00000000f0600000|  0%| F|  |TAMS 0x00000000f0500000| PB 0x00000000f0500000| Untracked |  0
| 262|0x00000000f0600000, 0x00000000f0600000, 0x00000000f0700000|  0%| F|  |TAMS 0x00000000f0600000| PB 0x00000000f0600000| Untracked |  0
| 263|0x00000000f0700000, 0x00000000f0700000, 0x00000000f0800000|  0%| F|  |TAMS 0x00000000f0700000| PB 0x00000000f0700000| Untracked |  0
| 264|0x00000000f0800000, 0x00000000f0800000, 0x00000000f0900000|  0%| F|  |TAMS 0x00000000f0800000| PB 0x00000000f0800000| Untracked |  0
| 265|0x00000000f0900000, 0x00000000f0900000, 0x00000000f0a00000|  0%| F|  |TAMS 0x00000000f0900000| PB 0x00000000f0900000| Untracked |  0
| 266|0x00000000f0a00000, 0x00000000f0a00000, 0x00000000f0b00000|  0%| F|  |TAMS 0x00000000f0a00000| PB 0x00000000f0a00000| Untracked |  0
| 267|0x00000000f0b00000, 0x00000000f0b00000, 0x00000000f0c00000|  0%| F|  |TAMS 0x00000000f0b00000| PB 0x00000000f0b00000| Untracked |  0
| 268|0x00000000f0c00000, 0x00000000f0c00000, 0x00000000f0d00000|  0%| F|  |TAMS 0x00000000f0c00000| PB 0x00000000f0c00000| Untracked |  0
| 269|0x00000000f0d00000, 0x00000000f0d00000, 0x00000000f0e00000|  0%| F|  |TAMS 0x00000000f0d00000| PB 0x00000000f0d00000| Untracked |  0
| 270|0x00000000f0e00000, 0x00000000f0e00000, 0x00000000f0f00000|  0%| F|  |TAMS 0x00000000f0e00000| PB 0x00000000f0e00000| Untracked |  0
| 271|0x00000000f0f00000, 0x00000000f0f00000, 0x00000000f1000000|  0%| F|  |TAMS 0x00000000f0f00000| PB 0x00000000f0f00000| Untracked |  0
| 272|0x00000000f1000000, 0x00000000f1039f68, 0x00000000f1100000| 22%| E|  |TAMS 0x00000000f1000000| PB 0x00000000f1000000| Complete |  0
| 273|0x00000000f1100000, 0x00000000f1200000, 0x00000000f1200000|100%| E|CS|TAMS 0x00000000f1100000| PB 0x00000000f1100000| Complete |  0
| 274|0x00000000f1200000, 0x00000000f1300000, 0x00000000f1300000|100%| E|CS|TAMS 0x00000000f1200000| PB 0x00000000f1200000| Complete |  0
| 275|0x00000000f1300000, 0x00000000f1400000, 0x00000000f1400000|100%| E|CS|TAMS 0x00000000f1300000| PB 0x00000000f1300000| Complete |  0
| 276|0x00000000f1400000, 0x00000000f1500000, 0x00000000f1500000|100%| E|CS|TAMS 0x00000000f1400000| PB 0x00000000f1400000| Complete |  0
| 277|0x00000000f1500000, 0x00000000f1600000, 0x00000000f1600000|100%| E|  |TAMS 0x00000000f1500000| PB 0x00000000f1500000| Complete |  0
| 278|0x00000000f1600000, 0x00000000f1700000, 0x00000000f1700000|100%| E|CS|TAMS 0x00000000f1600000| PB 0x00000000f1600000| Complete |  0
| 279|0x00000000f1700000, 0x00000000f1800000, 0x00000000f1800000|100%| E|CS|TAMS 0x00000000f1700000| PB 0x00000000f1700000| Complete |  0
| 280|0x00000000f1800000, 0x00000000f1900000, 0x00000000f1900000|100%| E|CS|TAMS 0x00000000f1800000| PB 0x00000000f1800000| Complete |  0
| 281|0x00000000f1900000, 0x00000000f1a00000, 0x00000000f1a00000|100%| E|CS|TAMS 0x00000000f1900000| PB 0x00000000f1900000| Complete |  0
| 504|0x00000000ff800000, 0x00000000ff900000, 0x00000000ff900000|100%| E|CS|TAMS 0x00000000ff800000| PB 0x00000000ff800000| Complete |  0
| 506|0x00000000ffa00000, 0x00000000ffb00000, 0x00000000ffb00000|100%| E|CS|TAMS 0x00000000ffa00000| PB 0x00000000ffa00000| Complete |  0
| 507|0x00000000ffb00000, 0x00000000ffc00000, 0x00000000ffc00000|100%| E|CS|TAMS 0x00000000ffb00000| PB 0x00000000ffb00000| Complete |  0
| 508|0x00000000ffc00000, 0x00000000ffd00000, 0x00000000ffd00000|100%| E|CS|TAMS 0x00000000ffc00000| PB 0x00000000ffc00000| Complete |  0
| 509|0x00000000ffd00000, 0x00000000ffe00000, 0x00000000ffe00000|100%| E|CS|TAMS 0x00000000ffd00000| PB 0x00000000ffd00000| Complete |  0
| 510|0x00000000ffe00000, 0x00000000fff00000, 0x00000000fff00000|100%| O|  |TAMS 0x00000000ffe00000| PB 0x00000000ffe00000| Untracked |  0
| 511|0x00000000fff00000, 0x0000000100000000, 0x0000000100000000|100%| E|CS|TAMS 0x00000000fff00000| PB 0x00000000fff00000| Complete |  0

Card table byte_map: [0x000002f0fe8d0000,0x000002f0fe9d0000] _byte_map_base: 0x000002f0fe1d0000

Marking Bits: (CMBitMap*) 0x000002f0f6057ca0
 Bits: [0x000002f0fe9d0000, 0x000002f0ff1d0000)

Polling page: 0x000002f0f3fd0000

Metaspace:
Metaspace        used 98533K, committed 100864K, reserved 458752K
 class space     used 13738K, committed 14784K, reserved 327680K

Usage:
  Non-class:     82.81 MB used.
      Class:     13.42 MB used.
       Both:     96.22 MB used.

Virtual space:
  Non-class space:      128.00 MB reserved,      84.06 MB ( 66%) committed,  2 nodes.
      Class space:      320.00 MB reserved,      14.44 MB (  5%) committed,  1 nodes.
             Both:      448.00 MB reserved,      98.50 MB ( 22%) committed. 

Chunk freelists:
   Non-Class:  12.35 MB
       Class:  1.77 MB
        Both:  14.12 MB

MaxMetaspaceSize: 384.00 MB
CompressedClassSpaceSize: 320.00 MB
Initial GC threshold: 21.00 MB
Current GC threshold: 164.19 MB
CDS: on
 - commit_granule_bytes: 65536.
 - commit_granule_words: 8192.
 - virtual_space_node_default_size: 8388608.
 - enlarge_chunks_in_place: 1.
UseCompressedClassPointers 1, UseCompactObjectHeaders 0
Narrow klass pointer bits 32, Max shift 3
Narrow klass base: 0x000000009c000000, Narrow klass shift: 0
Encoding Range: [0x000000009c000000 - 0x000000019c000000), (4294967296 bytes)
Klass Range:    [0x000000009c010000 - 0x00000000b1000000), (352256000 bytes)
Klass ID Range:  [65536 - 352321529) (352255993)
Protection zone: [0x000000009c000000 - 0x000000009c010000), (65536 bytes)


Internal statistics:

num_allocs_failed_limit: 3.
num_arena_births: 6144.
num_arena_deaths: 3686.
num_vsnodes_births: 3.
num_vsnodes_deaths: 0.
num_space_committed: 1606.
num_space_uncommitted: 13.
num_chunks_returned_to_freelist: 4359.
num_chunks_taken_from_freelist: 11747.
num_chunk_merges: 1425.
num_chunk_splits: 6767.
num_chunks_enlarged: 4151.
num_inconsistent_stats: 0.

CodeHeap 'non-profiled nmethods': size=120064Kb used=11275Kb max_used=11561Kb free=108788Kb
 bounds [0x000002f087ac0000, 0x000002f088660000, 0x000002f08f000000]
CodeHeap 'profiled nmethods': size=120000Kb used=24988Kb max_used=28514Kb free=95012Kb
 bounds [0x000002f080000000, 0x000002f081be0000, 0x000002f087530000]
CodeHeap 'non-nmethods': size=5696Kb used=2071Kb max_used=2152Kb free=3624Kb
 bounds [0x000002f087530000, 0x000002f0877a0000, 0x000002f087ac0000]
CodeCache: size=245760Kb, used=38334Kb, max_used=42227Kb, free=207424Kb
 total_blobs=17628, nmethods=16717, adapters=811, full_count=0
Compilation: enabled, stopped_count=0, restarted_count=0

Compilation events (20 events):
Event: 2461.578 Thread 0x000002f0f60e1240 nmethod 25397 0x000002f080c05408 code [0x000002f080c05500, 0x000002f080c05810]
Event: 2461.578 Thread 0x000002f0f60e1240 25398       3       org.gradle.internal.service.DefaultServiceRegistry::getCollectionService (105 bytes)
Event: 2461.596 Thread 0x000002f0f60e1240 nmethod 25398 0x000002f080131d08 code [0x000002f080131e00, 0x000002f080133288]
Event: 2461.914 Thread 0x000002f0f60dacc0 25399       4       jdk.internal.classfile.impl.EntryMap::nextToken (37 bytes)
Event: 2461.919 Thread 0x000002f0f60dacc0 nmethod 25399 0x000002f087b69b08 code [0x000002f087b69c00, 0x000002f087b69d20]
Event: 2461.919 Thread 0x000002f0f60e1240 25402       1       org.gradle.internal.service.DefaultServiceRegistry::access$2400 (5 bytes)
Event: 2461.919 Thread 0x000002f0f60dacc0 25400       4       org.gradle.internal.service.DefaultServiceRegistry::access$2100 (6 bytes)
Event: 2461.919 Thread 0x000002f0f60e1240 nmethod 25402 0x000002f087ba0308 code [0x000002f087ba0400, 0x000002f087ba04a8]
Event: 2461.954 Thread 0x000002f0f60dacc0 nmethod 25400 0x000002f087b02a08 code [0x000002f087b02b00, 0x000002f087b035b0]
Event: 2461.954 Thread 0x000002f0f60dacc0 25401       4       org.gradle.internal.service.DefaultServiceRegistry::access$2300 (7 bytes)
Event: 2461.968 Thread 0x000002f0f60dacc0 nmethod 25401 0x000002f087bea588 code [0x000002f087bea680, 0x000002f087beac98]
Event: 2463.049 Thread 0x000002f0f60dacc0 25403       4       java.util.concurrent.atomic.AtomicReference::updateAndGet (54 bytes)
Event: 2463.059 Thread 0x000002f0f60dacc0 nmethod 25403 0x000002f087ba0008 code [0x000002f087ba0100, 0x000002f087ba02f8]
Event: 2463.129 Thread 0x000002f0f60dacc0 25404       4       java.lang.Class::newReflectionData (66 bytes)
Event: 2463.136 Thread 0x000002f0f60dacc0 nmethod 25404 0x000002f087bece88 code [0x000002f087becf80, 0x000002f087bed270]
Event: 2463.247 Thread 0x000002f0f60dacc0 25405       4       sun.reflect.generics.parser.SignatureParser::parseTypeSignature (130 bytes)
Event: 2463.266 Thread 0x000002f0f60dacc0 nmethod 25405 0x000002f087bec988 code [0x000002f087beca80, 0x000002f087beccd0]
Event: 2463.266 Thread 0x000002f0f60dacc0 25406   !   4       org.gradle.internal.service.DefaultServiceRegistry$FactoryService::bind (358 bytes)
Event: 2463.309 Thread 0x000002f0f60e1240 25407   !   3       java.lang.invoke.MethodHandleImpl::makeArrayElementAccessor (270 bytes)
Event: 2463.317 Thread 0x000002f0f60e1240 nmethod 25407 0x000002f08013a208 code [0x000002f08013a300, 0x000002f08013b7b0]

GC Heap Usage History (20 events):
Event: 1602.588 {heap Before GC invocations=85 (full 0):
 garbage-first heap   total reserved 524288K, committed 295936K, used 154624K [0x00000000e0000000, 0x0000000100000000)
  region size 1024K, 14 young (14336K), 8 survivors (8192K)
}
Event: 1602.628 {heap After GC invocations=86 (full 0):
 garbage-first heap   total reserved 524288K, committed 295936K, used 145283K [0x00000000e0000000, 0x0000000100000000)
  region size 1024K, 1 young (1024K), 1 survivors (1024K)
}
Event: 1605.249 {heap Before GC invocations=86 (full 0):
 garbage-first heap   total reserved 524288K, committed 295936K, used 166787K [0x00000000e0000000, 0x0000000100000000)
  region size 1024K, 23 young (23552K), 1 survivors (1024K)
}
Event: 1605.281 {heap After GC invocations=87 (full 0):
 garbage-first heap   total reserved 524288K, committed 295936K, used 143021K [0x00000000e0000000, 0x0000000100000000)
  region size 1024K, 2 young (2048K), 2 survivors (2048K)
}
Event: 1605.830 {heap Before GC invocations=87 (full 0):
 garbage-first heap   total reserved 524288K, committed 295936K, used 155309K [0x00000000e0000000, 0x0000000100000000)
  region size 1024K, 14 young (14336K), 2 survivors (2048K)
}
Event: 1605.889 {heap After GC invocations=88 (full 0):
 garbage-first heap   total reserved 524288K, committed 295936K, used 140170K [0x00000000e0000000, 0x0000000100000000)
  region size 1024K, 1 young (1024K), 1 survivors (1024K)
}
Event: 1606.874 {heap Before GC invocations=88 (full 0):
 garbage-first heap   total reserved 524288K, committed 295936K, used 152458K [0x00000000e0000000, 0x0000000100000000)
  region size 1024K, 14 young (14336K), 1 survivors (1024K)
}
Event: 1606.934 {heap After GC invocations=89 (full 0):
 garbage-first heap   total reserved 524288K, committed 295936K, used 137984K [0x00000000e0000000, 0x0000000100000000)
  region size 1024K, 2 young (2048K), 2 survivors (2048K)
}
Event: 1609.210 {heap Before GC invocations=89 (full 0):
 garbage-first heap   total reserved 524288K, committed 295936K, used 162560K [0x00000000e0000000, 0x0000000100000000)
  region size 1024K, 27 young (27648K), 2 survivors (2048K)
}
Event: 1609.252 {heap After GC invocations=90 (full 0):
 garbage-first heap   total reserved 524288K, committed 295936K, used 137017K [0x00000000e0000000, 0x0000000100000000)
  region size 1024K, 4 young (4096K), 4 survivors (4096K)
}
Event: 2300.603 {heap Before GC invocations=90 (full 0):
 garbage-first heap   total reserved 524288K, committed 295936K, used 166713K [0x00000000e0000000, 0x0000000100000000)
  region size 1024K, 33 young (33792K), 4 survivors (4096K)
}
Event: 2301.064 {heap After GC invocations=91 (full 0):
 garbage-first heap   total reserved 524288K, committed 295936K, used 136400K [0x00000000e0000000, 0x0000000100000000)
  region size 1024K, 3 young (3072K), 3 survivors (3072K)
}
Event: 2301.296 {heap Before GC invocations=91 (full 0):
 garbage-first heap   total reserved 524288K, committed 295936K, used 147664K [0x00000000e0000000, 0x0000000100000000)
  region size 1024K, 14 young (14336K), 3 survivors (3072K)
}
Event: 2301.574 {heap After GC invocations=92 (full 0):
 garbage-first heap   total reserved 524288K, committed 295936K, used 134665K [0x00000000e0000000, 0x0000000100000000)
  region size 1024K, 2 young (2048K), 2 survivors (2048K)
}
Event: 2340.500 {heap Before GC invocations=92 (full 0):
 garbage-first heap   total reserved 524288K, committed 295936K, used 258569K [0x00000000e0000000, 0x0000000100000000)
  region size 1024K, 124 young (126976K), 2 survivors (2048K)
}
Event: 2340.772 {heap After GC invocations=93 (full 0):
 garbage-first heap   total reserved 524288K, committed 295936K, used 148373K [0x00000000e0000000, 0x0000000100000000)
  region size 1024K, 15 young (15360K), 15 survivors (15360K)
}
Event: 2342.782 {heap Before GC invocations=93 (full 0):
 garbage-first heap   total reserved 524288K, committed 295936K, used 163733K [0x00000000e0000000, 0x0000000100000000)
  region size 1024K, 30 young (30720K), 15 survivors (15360K)
}
Event: 2342.898 {heap After GC invocations=94 (full 0):
 garbage-first heap   total reserved 524288K, committed 295936K, used 150730K [0x00000000e0000000, 0x0000000100000000)
  region size 1024K, 3 young (3072K), 3 survivors (3072K)
}
Event: 2357.449 {heap Before GC invocations=95 (full 0):
 garbage-first heap   total reserved 524288K, committed 295936K, used 234698K [0x00000000e0000000, 0x0000000100000000)
  region size 1024K, 88 young (90112K), 3 survivors (3072K)
}
Event: 2357.500 {heap After GC invocations=96 (full 0):
 garbage-first heap   total reserved 524288K, committed 295936K, used 152557K [0x00000000e0000000, 0x0000000100000000)
  region size 1024K, 7 young (7168K), 7 survivors (7168K)
}

Metaspace Usage History (20 events):
Event: 1602.588 {metaspace Before GC invocations=85 (full 0):
 Metaspace       used 96952K, committed 98880K, reserved 458752K
  class space    used 13561K, committed 14656K, reserved 327680K
}
Event: 1602.628 {metaspace After GC invocations=86 (full 0):
 Metaspace       used 96952K, committed 98880K, reserved 458752K
  class space    used 13561K, committed 14656K, reserved 327680K
}
Event: 1605.249 {metaspace Before GC invocations=86 (full 0):
 Metaspace       used 96978K, committed 98880K, reserved 458752K
  class space    used 13561K, committed 14656K, reserved 327680K
}
Event: 1605.281 {metaspace After GC invocations=87 (full 0):
 Metaspace       used 96978K, committed 98880K, reserved 458752K
  class space    used 13561K, committed 14656K, reserved 327680K
}
Event: 1605.830 {metaspace Before GC invocations=87 (full 0):
 Metaspace       used 96985K, committed 98880K, reserved 458752K
  class space    used 13561K, committed 14656K, reserved 327680K
}
Event: 1605.889 {metaspace After GC invocations=88 (full 0):
 Metaspace       used 96985K, committed 98880K, reserved 458752K
  class space    used 13561K, committed 14656K, reserved 327680K
}
Event: 1606.874 {metaspace Before GC invocations=88 (full 0):
 Metaspace       used 97047K, committed 98944K, reserved 458752K
  class space    used 13572K, committed 14656K, reserved 327680K
}
Event: 1606.934 {metaspace After GC invocations=89 (full 0):
 Metaspace       used 97047K, committed 98944K, reserved 458752K
  class space    used 13572K, committed 14656K, reserved 327680K
}
Event: 1609.210 {metaspace Before GC invocations=89 (full 0):
 Metaspace       used 98614K, committed 100288K, reserved 458752K
  class space    used 13806K, committed 14656K, reserved 327680K
}
Event: 1609.252 {metaspace After GC invocations=90 (full 0):
 Metaspace       used 98614K, committed 100288K, reserved 458752K
  class space    used 13806K, committed 14656K, reserved 327680K
}
Event: 2300.604 {metaspace Before GC invocations=90 (full 0):
 Metaspace       used 99377K, committed 100992K, reserved 458752K
  class space    used 13954K, committed 14720K, reserved 327680K
}
Event: 2301.064 {metaspace After GC invocations=91 (full 0):
 Metaspace       used 99377K, committed 100992K, reserved 458752K
  class space    used 13954K, committed 14720K, reserved 327680K
}
Event: 2301.296 {metaspace Before GC invocations=91 (full 0):
 Metaspace       used 99413K, committed 100992K, reserved 458752K
  class space    used 13964K, committed 14720K, reserved 327680K
}
Event: 2301.574 {metaspace After GC invocations=92 (full 0):
 Metaspace       used 99413K, committed 100992K, reserved 458752K
  class space    used 13964K, committed 14720K, reserved 327680K
}
Event: 2340.500 {metaspace Before GC invocations=92 (full 0):
 Metaspace       used 101007K, committed 102720K, reserved 458752K
  class space    used 14166K, committed 14976K, reserved 327680K
}
Event: 2340.772 {metaspace After GC invocations=93 (full 0):
 Metaspace       used 101007K, committed 102720K, reserved 458752K
  class space    used 14166K, committed 14976K, reserved 327680K
}
Event: 2342.782 {metaspace Before GC invocations=93 (full 0):
 Metaspace       used 101025K, committed 102784K, reserved 458752K
  class space    used 14167K, committed 14976K, reserved 327680K
}
Event: 2342.898 {metaspace After GC invocations=94 (full 0):
 Metaspace       used 101025K, committed 102784K, reserved 458752K
  class space    used 14167K, committed 14976K, reserved 327680K
}
Event: 2357.449 {metaspace Before GC invocations=95 (full 0):
 Metaspace       used 98171K, committed 100864K, reserved 458752K
  class space    used 13653K, committed 14784K, reserved 327680K
}
Event: 2357.500 {metaspace After GC invocations=96 (full 0):
 Metaspace       used 98171K, committed 100864K, reserved 458752K
  class space    used 13653K, committed 14784K, reserved 327680K
}

Dll operation events (14 events):
Event: 0.242 Loaded shared library C:\Program Files\Java\jdk-25.0.3\bin\java.dll
Event: 0.509 Loaded shared library C:\Program Files\Java\jdk-25.0.3\bin\zip.dll
Event: 0.542 Loaded shared library C:\Program Files\Java\jdk-25.0.3\bin\instrument.dll
Event: 0.584 Loaded shared library C:\Program Files\Java\jdk-25.0.3\bin\net.dll
Event: 0.620 Loaded shared library C:\Program Files\Java\jdk-25.0.3\bin\nio.dll
Event: 0.628 Loaded shared library C:\Program Files\Java\jdk-25.0.3\bin\zip.dll
Event: 1.782 Loaded shared library C:\Program Files\Java\jdk-25.0.3\bin\jimage.dll
Event: 3.022 Loaded shared library C:\Program Files\Java\jdk-25.0.3\bin\verify.dll
Event: 3.509 Loaded shared library C:\GradleHome\native\660c5614fbf4a5f2a75b1949f50a0caf5cd603558e7d8a26e50b933a0cfb79d1\windows-amd64\native-platform.dll
Event: 3.714 Loaded shared library C:\GradleHome\native\0.2.8\x86_64-windows-gnu\gradle-fileevents.dll
Event: 7.771 Loaded shared library C:\Program Files\Java\jdk-25.0.3\bin\management.dll
Event: 7.809 Loaded shared library C:\Program Files\Java\jdk-25.0.3\bin\management_ext.dll
Event: 8.302 Loaded shared library C:\Program Files\Java\jdk-25.0.3\bin\extnet.dll
Event: 9.026 Loaded shared library C:\Program Files\Java\jdk-25.0.3\bin\sunmscapi.dll

Deoptimization events (20 events):
Event: 2457.766 Thread 0x000002f0999dd3e0 Uncommon trap: trap_request=0xffffffd6 fr.pc=0x000002f08838a2d8 relative=0x0000000000001b58
Event: 2457.771 Thread 0x000002f0999dd3e0 Uncommon trap: reason=array_check action=maybe_recompile pc=0x000002f08838a2d8 method=org.gradle.internal.service.DefaultServiceRegistry$FactoryService.bind()V @ 342 c2
Event: 2457.771 Thread 0x000002f0999dd3e0 DEOPT PACKING pc=0x000002f08838a2d8 sp=0x000000ffd93fdb70
Event: 2457.771 Thread 0x000002f0999dd3e0 DEOPT UNPACKING pc=0x000002f0875ba482 sp=0x000000ffd93fdb50 mode 2
Event: 2457.771 Thread 0x000002f0999dd3e0 Uncommon trap: trap_request=0xffffffd6 fr.pc=0x000002f08838a2d8 relative=0x0000000000001b58
Event: 2457.771 Thread 0x000002f0999dd3e0 Uncommon trap: reason=array_check action=maybe_recompile pc=0x000002f08838a2d8 method=org.gradle.internal.service.DefaultServiceRegistry$FactoryService.bind()V @ 342 c2
Event: 2457.771 Thread 0x000002f0999dd3e0 DEOPT PACKING pc=0x000002f08838a2d8 sp=0x000000ffd93fd8c0
Event: 2457.771 Thread 0x000002f0999dd3e0 DEOPT UNPACKING pc=0x000002f0875ba482 sp=0x000000ffd93fd8a0 mode 2
Event: 2457.772 Thread 0x000002f0999dd3e0 Uncommon trap: trap_request=0xffffffd6 fr.pc=0x000002f08838a2d8 relative=0x0000000000001b58
Event: 2457.772 Thread 0x000002f0999dd3e0 Uncommon trap: reason=array_check action=maybe_recompile pc=0x000002f08838a2d8 method=org.gradle.internal.service.DefaultServiceRegistry$FactoryService.bind()V @ 342 c2
Event: 2457.772 Thread 0x000002f0999dd3e0 DEOPT PACKING pc=0x000002f08838a2d8 sp=0x000000ffd93fdd50
Event: 2457.772 Thread 0x000002f0999dd3e0 DEOPT UNPACKING pc=0x000002f0875ba482 sp=0x000000ffd93fdd30 mode 2
Event: 2457.772 Thread 0x000002f0999dd3e0 Uncommon trap: trap_request=0xffffffd6 fr.pc=0x000002f08838a2d8 relative=0x0000000000001b58
Event: 2457.772 Thread 0x000002f0999dd3e0 Uncommon trap: reason=array_check action=maybe_recompile pc=0x000002f08838a2d8 method=org.gradle.internal.service.DefaultServiceRegistry$FactoryService.bind()V @ 342 c2
Event: 2457.772 Thread 0x000002f0999dd3e0 DEOPT PACKING pc=0x000002f08838a2d8 sp=0x000000ffd93fdf30
Event: 2457.772 Thread 0x000002f0999dd3e0 DEOPT UNPACKING pc=0x000002f0875ba482 sp=0x000000ffd93fdf10 mode 2
Event: 2462.412 Thread 0x000002f0999dd3e0 Uncommon trap: trap_request=0xffffffc6 fr.pc=0x000002f0884c982c relative=0x000000000000032c
Event: 2462.433 Thread 0x000002f0999dd3e0 Uncommon trap: reason=bimorphic_or_optimized_type_check action=maybe_recompile pc=0x000002f0884c982c method=com.google.common.collect.MultimapBuilder$MultimapBuilderWithKeys$4.build()Lcom/google/common/collect/SetMultimap; @ 4 c2
Event: 2462.459 Thread 0x000002f0999dd3e0 DEOPT PACKING pc=0x000002f0884c982c sp=0x000000ffd93fd060
Event: 2462.459 Thread 0x000002f0999dd3e0 DEOPT UNPACKING pc=0x000002f0875ba482 sp=0x000000ffd93fd020 mode 2

Classes loaded (20 events):
Event: 191.780 Loading class java/util/concurrent/locks/ReentrantReadWriteLock$Sync$HoldCounter
Event: 191.789 Loading class java/util/concurrent/locks/ReentrantReadWriteLock$Sync$HoldCounter done
Event: 266.515 Loading class sun/nio/cs/ISO_8859_1$Decoder
Event: 266.526 Loading class sun/nio/cs/ISO_8859_1$Decoder done
Event: 275.157 Loading class java/lang/StackTraceElement$HashedModules
Event: 275.158 Loading class java/lang/StackTraceElement$HashedModules done
Event: 275.202 Loading class java/util/regex/Pattern$LineEnding
Event: 275.203 Loading class java/util/regex/Pattern$LineEnding done
Event: 286.433 Loading class java/util/concurrent/CompletableFuture$AsyncRun
Event: 286.436 Loading class java/util/concurrent/CompletableFuture$AsyncRun done
Event: 861.521 Loading class java/util/Formatter$FormatSpecifierParser
Event: 861.618 Loading class java/util/Formatter$FormatSpecifierParser done
Event: 861.632 Loading class jdk/internal/math/FormattedFPDecimal
Event: 861.803 Loading class jdk/internal/math/FormattedFPDecimal done
Event: 917.779 Loading class sun/net/ConnectionResetException
Event: 917.792 Loading class sun/net/ConnectionResetException done
Event: 941.309 Loading class java/time/Instant$1
Event: 941.312 Loading class java/time/Instant$1 done
Event: 1609.023 Loading class java/util/concurrent/locks/AbstractQueuedLongSynchronizer$Node
Event: 1609.058 Loading class java/util/concurrent/locks/AbstractQueuedLongSynchronizer$Node done

Classes unloaded (20 events):
Event: 2344.458 Thread 0x000002f0f60c1b60 Unloading class 0x000000009de27398 'org/gradle/tooling/model/Model'
Event: 2344.458 Thread 0x000002f0f60c1b60 Unloading class 0x000000009de27178 'com/intellij/gradle/toolingExtension/impl/modelSerialization/ToolingSerializerConverter'
Event: 2344.458 Thread 0x000002f0f60c1b60 Unloading class 0x000000009de26f70 'io/opentelemetry/api/trace/Span'
Event: 2344.458 Thread 0x000002f0f60c1b60 Unloading class 0x000000009de26d68 'io/opentelemetry/context/ImplicitContextKeyed'
Event: 2344.458 Thread 0x000002f0f60c1b60 Unloading class 0x000000009de26b60 'com/intellij/gradle/toolingExtension/modelAction/GradleModelFetchPhase'
Event: 2344.458 Thread 0x000002f0f60c1b60 Unloading class 0x000000009de26958 'org/jetbrains/plugins/gradle/model/ProjectImportModelProvider$GradleModelConsumer'
Event: 2344.458 Thread 0x000002f0f60c1b60 Unloading class 0x000000009de266f8 'org/gradle/util/GradleVersion'
Event: 2344.458 Thread 0x000002f0f60c1b60 Unloading class 0x000000009de264b8 'com/intellij/gradle/toolingExtension/impl/modelAction/GradleModelHolderState'
Event: 2344.458 Thread 0x000002f0f60c1b60 Unloading class 0x000000009de26280 'com/intellij/gradle/toolingExtension/impl/modelAction/GradleDaemonModelHolder'
Event: 2344.458 Thread 0x000002f0f60c1b60 Unloading class 0x000000009de26000 'com/intellij/openapi/externalSystem/model/ExternalSystemException'
Event: 2344.458 Thread 0x000002f0f60c1b60 Unloading class 0x000000009de25d58 'com/intellij/gradle/toolingExtension/modelAction/GradleModelController'
Event: 2344.458 Thread 0x000002f0f60c1b60 Unloading class 0x000000009de25ad0 'com/intellij/gradle/toolingExtension/impl/modelAction/GradleModelFetchAction'
Event: 2344.458 Thread 0x000002f0f60c1b60 Unloading class 0x000000009de25870 'org/gradle/tooling/internal/consumer/versioning/VersionDetails'
Event: 2344.458 Thread 0x000002f0f60c1b60 Unloading class 0x000000009de25668 'org/gradle/tooling/BuildAction'
Event: 2344.458 Thread 0x000002f0f60c1b60 Unloading class 0x000000009de25460 'org/gradle/tooling/BuildController'
Event: 2344.458 Thread 0x000002f0f60c1b60 Unloading class 0x000000009de25258 'org/gradle/tooling/internal/adapter/TargetTypeProvider'
Event: 2344.458 Thread 0x000002f0f60c1b60 Unloading class 0x000000009de25000 'org/gradle/tooling/internal/consumer/connection/InternalBuildActionAdapter'
Event: 2344.458 Thread 0x000002f0f60c1b60 Unloading class 0x000000009de24c00 'org/gradle/tooling/internal/consumer/connection/InternalPhasedActionAdapter'
Event: 2344.459 Thread 0x000002f0f60c1b60 Unloading class 0x000000009d7f8800 'java/lang/invoke/LambdaForm$MH+0x000000009d7f8800'
Event: 2344.459 Thread 0x000002f0f60c1b60 Unloading class 0x000000009d7f8400 'java/lang/invoke/LambdaForm$MH+0x000000009d7f8400'

Classes redefined (0 events):
No events

Internal exceptions (20 events):
Event: 2305.673 Thread 0x000002f09947ffc0 Exception <a 'java/lang/NoSuchMethodError'{0x00000000ffbcabb0}: static Lorg/jetbrains/plugins/gradle/tooling/serialization/internal/adapter/dsl/InternalGradleDslBaseScriptModel;.<clinit>()V> (0x00000000ffbcabb0) 
thrown [s\open\src\hotspot\share\prims\jni.cpp, line 1106]
Event: 2305.674 Thread 0x000002f09947ffc0 Exception <a 'java/lang/NoSuchMethodError'{0x00000000ffbd8110}: static Lorg/jetbrains/plugins/gradle/tooling/serialization/internal/adapter/dsl/InternalGroovyDslBaseScriptModel;.<clinit>()V> (0x00000000ffbd8110) 
thrown [s\open\src\hotspot\share\prims\jni.cpp, line 1106]
Event: 2305.681 Thread 0x000002f09947ffc0 Exception <a 'java/lang/NoSuchMethodError'{0x00000000ffa19e28}: static Lorg/jetbrains/plugins/gradle/tooling/serialization/internal/adapter/dsl/InternalKotlinDslBaseScriptModel;.<clinit>()V> (0x00000000ffa19e28) 
thrown [s\open\src\hotspot\share\prims\jni.cpp, line 1106]
Event: 2311.853 Thread 0x000002f09947ffc0 Exception <a 'sun/nio/fs/WindowsException'{0x00000000f173f5f8}> (0x00000000f173f5f8) 
thrown [s\open\src\hotspot\share\prims\jni.cpp, line 516]
Event: 2311.858 Thread 0x000002f09947ffc0 Exception <a 'sun/nio/fs/WindowsException'{0x00000000f1740f40}> (0x00000000f1740f40) 
thrown [s\open\src\hotspot\share\prims\jni.cpp, line 516]
Event: 2311.889 Thread 0x000002f09947ffc0 Exception <a 'sun/nio/fs/WindowsException'{0x00000000f1742880}> (0x00000000f1742880) 
thrown [s\open\src\hotspot\share\prims\jni.cpp, line 516]
Event: 2311.891 Thread 0x000002f09947ffc0 Exception <a 'sun/nio/fs/WindowsException'{0x00000000f1743e48}> (0x00000000f1743e48) 
thrown [s\open\src\hotspot\share\prims\jni.cpp, line 516]
Event: 2313.611 Thread 0x000002f09947ffc0 Exception <a 'java/lang/NoClassDefFoundError'{0x00000000f0ec1880}: org/jetbrains/kotlin/gradle/plugin/KotlinPluginWrapper> (0x00000000f0ec1880) 
thrown [s\open\src\hotspot\share\oops\constantPool.cpp, line 1003]
Event: 2313.611 Thread 0x000002f09947ffc0 Exception <a 'java/lang/NoClassDefFoundError'{0x00000000f0ec49f8}: org/graalvm/buildtools/gradle/NativeImagePlugin> (0x00000000f0ec49f8) 
thrown [s\open\src\hotspot\share\oops\constantPool.cpp, line 1003]
Event: 2313.612 Thread 0x000002f09947ffc0 Exception <a 'java/lang/NoClassDefFoundError'{0x00000000f0ec7b60}: org/cyclonedx/gradle/CyclonedxPlugin> (0x00000000f0ec7b60) 
thrown [s\open\src\hotspot\share\oops\constantPool.cpp, line 1003]
Event: 2313.613 Thread 0x000002f09947ffc0 Exception <a 'java/lang/NoClassDefFoundError'{0x00000000f0ecafa0}: com/google/protobuf/gradle/ProtobufPlugin> (0x00000000f0ecafa0) 
thrown [s\open\src\hotspot\share\oops\constantPool.cpp, line 1003]
Event: 2352.223 Thread 0x000002f0999e29d0 Exception <a 'java/lang/NoSuchMethodError'{0x00000000ee16eba0}: static Lorg/jetbrains/plugins/gradle/tooling/serialization/internal/adapter/kotlin/dsl/InternalKotlinDslScriptsModel;.<clinit>()V> (0x00000000ee16eba0) 
thrown [s\open\src\hotspot\share\prims\jni.cpp, line 1106]
Event: 2355.055 Thread 0x000002f0999e29d0 Exception <a 'java/lang/NoSuchMethodError'{0x00000000edefccf0}: static Lcom/intellij/gradle/toolingExtension/impl/javaModel/manifestModel/DefaultJavaGradleManifestModel;.<clinit>()V> (0x00000000edefccf0) 
thrown [s\open\src\hotspot\share\prims\jni.cpp, line 1106]
Event: 2355.061 Thread 0x000002f0999e29d0 Exception <a 'java/lang/NoSuchMethodError'{0x00000000edd305a8}: static Lcom/intellij/gradle/toolingExtension/impl/model/repositoryModel/DefaultProjectRepositoriesModel;.<clinit>()V> (0x00000000edd305a8) 
thrown [s\open\src\hotspot\share\prims\jni.cpp, line 1106]
Event: 2355.066 Thread 0x000002f0999e29d0 Exception <a 'java/lang/NoSuchMethodError'{0x00000000edd42dd0}: static Lcom/intellij/gradle/toolingExtension/impl/model/repositoryModel/DefaultUrlRepositoryModel;.<clinit>()V> (0x00000000edd42dd0) 
thrown [s\open\src\hotspot\share\prims\jni.cpp, line 1106]
Event: 2355.067 Thread 0x000002f0999e29d0 Exception <a 'java/lang/NoSuchMethodError'{0x00000000edd45060}: static Lcom/intellij/gradle/toolingExtension/impl/model/repositoryModel/DefaultRepositoryModel;.<clinit>()V> (0x00000000edd45060) 
thrown [s\open\src\hotspot\share\prims\jni.cpp, line 1106]
Event: 2355.070 Thread 0x000002f0999e29d0 Exception <a 'java/lang/NoSuchMethodError'{0x00000000eddb1fc8}: static Lorg/jetbrains/kotlin/idea/gradleTooling/model/kapt/KaptGradleModelImpl;.<clinit>()V> (0x00000000eddb1fc8) 
thrown [s\open\src\hotspot\share\prims\jni.cpp, line 1106]
Event: 2355.242 Thread 0x000002f0999e29d0 Exception <a 'java/lang/NoSuchMethodError'{0x00000000edadd918}: static Lorg/jetbrains/plugins/gradle/tooling/internal/VersionCatalogsModelImpl;.<clinit>()V> (0x00000000edadd918) 
thrown [s\open\src\hotspot\share\prims\jni.cpp, line 1106]
Event: 2356.110 Thread 0x000002f0999e29d0 Exception <a 'java/lang/NoSuchMethodError'{0x00000000ece16c08}: 'void java.lang.invoke.DirectMethodHandle$Holder.invokeStatic(java.lang.Object, int)'> (0x00000000ece16c08) 
thrown [s\open\src\hotspot\share\interpreter\linkResolver.cpp, line 804]
Event: 2356.449 Thread 0x000002f09947ffc0 Exception <a 'sun/nio/fs/WindowsException'{0x00000000ec9f8c00}> (0x00000000ec9f8c00) 
thrown [s\open\src\hotspot\share\prims\jni.cpp, line 516]

VM Operations (20 events):
Event: 2301.296 Executing safepoint VM operation: G1CollectForAllocation (G1 Evacuation Pause)
Event: 2301.574 Executing safepoint VM operation: G1CollectForAllocation (G1 Evacuation Pause) done
Event: 2340.494 Executing safepoint VM operation: G1CollectForAllocation (G1 Evacuation Pause)
Event: 2340.772 Executing safepoint VM operation: G1CollectForAllocation (G1 Evacuation Pause) done
Event: 2342.780 Executing safepoint VM operation: G1CollectForAllocation (G1 Evacuation Pause)
Event: 2342.898 Executing safepoint VM operation: G1CollectForAllocation (G1 Evacuation Pause) done
Event: 2344.298 Executing safepoint VM operation: G1PauseRemark
Event: 2347.570 Executing safepoint VM operation: G1PauseRemark done
Event: 2347.576 Executing non-safepoint VM operation: HandshakeAllThreads (HandshakeForDeflation)
Event: 2347.743 Executing non-safepoint VM operation: HandshakeAllThreads (HandshakeForDeflation) done
Event: 2347.744 Executing non-safepoint VM operation: RendezvousGCThreads
Event: 2347.746 Executing non-safepoint VM operation: RendezvousGCThreads done
Event: 2348.685 Executing safepoint VM operation: G1PauseCleanup
Event: 2348.741 Executing safepoint VM operation: G1PauseCleanup done
Event: 2357.448 Executing safepoint VM operation: G1CollectForAllocation (G1 Evacuation Pause)
Event: 2357.500 Executing safepoint VM operation: G1CollectForAllocation (G1 Evacuation Pause) done
Event: 2408.325 Executing non-safepoint VM operation: HandshakeAllThreads (HandshakeForDeflation)
Event: 2408.332 Executing non-safepoint VM operation: HandshakeAllThreads (HandshakeForDeflation) done
Event: 2408.355 Executing non-safepoint VM operation: RendezvousGCThreads
Event: 2408.388 Executing non-safepoint VM operation: RendezvousGCThreads done

Memory protections (0 events):
No events

Nmethod flushes (20 events):
Event: 2347.328 Thread 0x000002f0f60c1b60 flushing  nmethod 0x000002f0814dbc88
Event: 2347.328 Thread 0x000002f0f60c1b60 flushing  nmethod 0x000002f081523c08
Event: 2347.328 Thread 0x000002f0f60c1b60 flushing  nmethod 0x000002f081525208
Event: 2347.328 Thread 0x000002f0f60c1b60 flushing  nmethod 0x000002f081528888
Event: 2347.329 Thread 0x000002f0f60c1b60 flushing  nmethod 0x000002f0815d1f88
Event: 2347.329 Thread 0x000002f0f60c1b60 flushing  nmethod 0x000002f08163a388
Event: 2347.329 Thread 0x000002f0f60c1b60 flushing  nmethod 0x000002f08163b388
Event: 2347.329 Thread 0x000002f0f60c1b60 flushing  nmethod 0x000002f08165bd08
Event: 2347.329 Thread 0x000002f0f60c1b60 flushing  nmethod 0x000002f08170f108
Event: 2347.329 Thread 0x000002f0f60c1b60 flushing  nmethod 0x000002f081804c08
Event: 2347.329 Thread 0x000002f0f60c1b60 flushing  nmethod 0x000002f081872208
Event: 2347.329 Thread 0x000002f0f60c1b60 flushing  nmethod 0x000002f0818a9388
Event: 2347.329 Thread 0x000002f0f60c1b60 flushing  nmethod 0x000002f0819d4308
Event: 2347.329 Thread 0x000002f0f60c1b60 flushing  nmethod 0x000002f0819d4608
Event: 2347.329 Thread 0x000002f0f60c1b60 flushing  nmethod 0x000002f0819d4908
Event: 2347.329 Thread 0x000002f0f60c1b60 flushing  nmethod 0x000002f0819e1688
Event: 2347.329 Thread 0x000002f0f60c1b60 flushing  nmethod 0x000002f081a1ce08
Event: 2347.329 Thread 0x000002f0f60c1b60 flushing  nmethod 0x000002f081a29088
Event: 2347.329 Thread 0x000002f0f60c1b60 flushing  nmethod 0x000002f081a3a588
Event: 2347.329 Thread 0x000002f0f60c1b60 flushing  nmethod 0x000002f081a3a988

Events (20 events):
Event: 2357.650 Thread 0x000002f09926faf0 Thread exited: 0x000002f09926faf0
Event: 2357.655 Thread 0x000002f09947f7f0 Thread exited: 0x000002f09947f7f0
Event: 2357.663 Thread 0x000002f099481730 Thread exited: 0x000002f099481730
Event: 2357.697 Thread 0x000002f09927be40 Thread exited: 0x000002f09927be40
Event: 2357.827 Thread 0x000002f09947b970 Thread added: 0x000002f0999e02c0
Event: 2357.827 Thread 0x000002f09947f020 Thread exited: 0x000002f09947f020
Event: 2357.910 Thread 0x000002f09947e080 Thread exited: 0x000002f09947e080
Event: 2375.773 Thread 0x000002f0999e3970 Thread exited: 0x000002f0999e3970
Event: 2375.886 Thread 0x000002f0999e2200 Thread exited: 0x000002f0999e2200
Event: 2375.940 Thread 0x000002f0999e4140 Thread exited: 0x000002f0999e4140
Event: 2417.826 Thread 0x000002f09947ffc0 Thread exited: 0x000002f09947ffc0
Event: 2417.916 Thread 0x000002f09947b970 Thread exited: 0x000002f09947b970
Event: 2418.571 Thread 0x000002f0999e02c0 Thread exited: 0x000002f0999e02c0
Event: 2440.193 Thread 0x000002f096cbc0c0 Thread added: 0x000002f0999e31a0
Event: 2440.252 Thread 0x000002f0999e31a0 Thread added: 0x000002f0999e2200
Event: 2444.967 Thread 0x000002f0999e31a0 Thread added: 0x000002f0999dcc10
Event: 2449.824 Thread 0x000002f0999e31a0 Thread added: 0x000002f0999dd3e0
Event: 2449.917 Thread 0x000002f0999dd3e0 Thread added: 0x000002f0999e50e0
Event: 2450.389 Thread 0x000002f0999dd3e0 Thread added: 0x000002f0999e6850
Event: 2450.399 Thread 0x000002f0999dd3e0 Thread added: 0x000002f0999df320


Dynamic libraries:
0x00007ff736170000 - 0x00007ff736180000 	C:\Program Files\Java\jdk-25.0.3\bin\java.exe
0x00007ff8dcb10000 - 0x00007ff8dcd08000 	C:\WINDOWS\SYSTEM32\ntdll.dll
0x00007ff8dc790000 - 0x00007ff8dc852000 	C:\WINDOWS\System32\KERNEL32.DLL
0x00007ff8da6a0000 - 0x00007ff8da996000 	C:\WINDOWS\System32\KERNELBASE.dll
0x00007ff8da490000 - 0x00007ff8da590000 	C:\WINDOWS\System32\ucrtbase.dll
0x00007ff8cdbc0000 - 0x00007ff8cdbd7000 	C:\Program Files\Java\jdk-25.0.3\bin\jli.dll
0x00007ff8dba70000 - 0x00007ff8dbc11000 	C:\WINDOWS\System32\USER32.dll
0x00007ff8dab00000 - 0x00007ff8dab22000 	C:\WINDOWS\System32\win32u.dll
0x00007ff8dbc20000 - 0x00007ff8dbc4b000 	C:\WINDOWS\System32\GDI32.dll
0x00007ff8da240000 - 0x00007ff8da359000 	C:\WINDOWS\System32\gdi32full.dll
0x00007ff8da1a0000 - 0x00007ff8da23d000 	C:\WINDOWS\System32\msvcp_win.dll
0x00007ff8cda10000 - 0x00007ff8cda2e000 	C:\Program Files\Java\jdk-25.0.3\bin\VCRUNTIME140.dll
0x00007ff8d9630000 - 0x00007ff8d98cb000 	C:\WINDOWS\WinSxS\amd64_microsoft.windows.common-controls_6595b64144ccf1df_6.0.19041.6456_none_60b8a6cb71f64256\COMCTL32.dll
0x00007ff8db070000 - 0x00007ff8db10e000 	C:\WINDOWS\System32\msvcrt.dll
0x00007ff8dcaa0000 - 0x00007ff8dcacf000 	C:\WINDOWS\System32\IMM32.DLL
0x00007ff8d56d0000 - 0x00007ff8d56dc000 	C:\Program Files\Java\jdk-25.0.3\bin\vcruntime140_1.dll
0x00007ff8a8100000 - 0x00007ff8a818d000 	C:\Program Files\Java\jdk-25.0.3\bin\msvcp140.dll
0x00007ff878770000 - 0x00007ff8795d0000 	C:\Program Files\Java\jdk-25.0.3\bin\server\jvm.dll
0x00007ff8db6a0000 - 0x00007ff8db751000 	C:\WINDOWS\System32\ADVAPI32.dll
0x00007ff8db110000 - 0x00007ff8db1af000 	C:\WINDOWS\System32\sechost.dll
0x00007ff8db760000 - 0x00007ff8db880000 	C:\WINDOWS\System32\RPCRT4.dll
0x00007ff8da670000 - 0x00007ff8da697000 	C:\WINDOWS\System32\bcrypt.dll
0x00007ff8dc660000 - 0x00007ff8dc6cb000 	C:\WINDOWS\System32\WS2_32.dll
0x00007ff8d9d90000 - 0x00007ff8d9ddb000 	C:\WINDOWS\SYSTEM32\POWRPROF.dll
0x00007ff8c5350000 - 0x00007ff8c5377000 	C:\WINDOWS\SYSTEM32\WINMM.dll
0x00007ff8d71e0000 - 0x00007ff8d71ea000 	C:\WINDOWS\SYSTEM32\VERSION.dll
0x00007ff8d98d0000 - 0x00007ff8d98e2000 	C:\WINDOWS\SYSTEM32\UMPDC.dll
0x00007ff8d7c80000 - 0x00007ff8d7c92000 	C:\WINDOWS\SYSTEM32\kernel.appcore.dll
0x00007ff8d1bb0000 - 0x00007ff8d1bba000 	C:\Program Files\Java\jdk-25.0.3\bin\jimage.dll
0x00007ff8d9b80000 - 0x00007ff8d9d81000 	C:\WINDOWS\SYSTEM32\DBGHELP.DLL
0x00007ff8d9ac0000 - 0x00007ff8d9af4000 	C:\WINDOWS\SYSTEM32\dbgcore.DLL
0x00007ff8da590000 - 0x00007ff8da612000 	C:\WINDOWS\System32\bcryptPrimitives.dll
0x00007ff8cdc70000 - 0x00007ff8cdc80000 	C:\Program Files\Java\jdk-25.0.3\bin\instrument.dll
0x00007ff8cd9f0000 - 0x00007ff8cda0f000 	C:\Program Files\Java\jdk-25.0.3\bin\java.dll
0x00007ff8db930000 - 0x00007ff8dba5b000 	C:\WINDOWS\System32\ole32.dll
0x00007ff8dac00000 - 0x00007ff8daf54000 	C:\WINDOWS\System32\combase.dll
0x00007ff8dbc50000 - 0x00007ff8dc3c0000 	C:\WINDOWS\System32\SHELL32.dll
0x00007ff8d71f0000 - 0x00007ff8d7995000 	C:\WINDOWS\SYSTEM32\windows.storage.dll
0x00007ff8d94a0000 - 0x00007ff8d94cb000 	C:\WINDOWS\SYSTEM32\Wldp.dll
0x00007ff8dab30000 - 0x00007ff8dabfd000 	C:\WINDOWS\System32\OLEAUT32.dll
0x00007ff8daf60000 - 0x00007ff8db00d000 	C:\WINDOWS\System32\SHCORE.dll
0x00007ff8dc500000 - 0x00007ff8dc55b000 	C:\WINDOWS\System32\shlwapi.dll
0x00007ff8da0d0000 - 0x00007ff8da0f4000 	C:\WINDOWS\SYSTEM32\profapi.dll
0x00007ff8aff00000 - 0x00007ff8aff17000 	C:\Program Files\Java\jdk-25.0.3\bin\zip.dll
0x00007ff8a80e0000 - 0x00007ff8a80f2000 	C:\Program Files\Java\jdk-25.0.3\bin\net.dll
0x00007ff8d9360000 - 0x00007ff8d93ca000 	C:\WINDOWS\system32\mswsock.dll
0x00007ff8a80c0000 - 0x00007ff8a80d6000 	C:\Program Files\Java\jdk-25.0.3\bin\nio.dll
0x00007ff8cda60000 - 0x00007ff8cda70000 	C:\Program Files\Java\jdk-25.0.3\bin\verify.dll
0x00007ff8cccc0000 - 0x00007ff8ccce7000 	C:\GradleHome\native\660c5614fbf4a5f2a75b1949f50a0caf5cd603558e7d8a26e50b933a0cfb79d1\windows-amd64\native-platform.dll
0x00007ff8a8040000 - 0x00007ff8a80b7000 	C:\GradleHome\native\0.2.8\x86_64-windows-gnu\gradle-fileevents.dll
0x00007ff8b6f90000 - 0x00007ff8b6f9a000 	C:\Program Files\Java\jdk-25.0.3\bin\management.dll
0x00007ff8b67f0000 - 0x00007ff8b67fc000 	C:\Program Files\Java\jdk-25.0.3\bin\management_ext.dll
0x00007ff8dc560000 - 0x00007ff8dc568000 	C:\WINDOWS\System32\PSAPI.DLL
0x00007ff8d8ee0000 - 0x00007ff8d8f1b000 	C:\WINDOWS\SYSTEM32\IPHLPAPI.DLL
0x00007ff8dc650000 - 0x00007ff8dc658000 	C:\WINDOWS\System32\NSI.dll
0x00007ff8b54f0000 - 0x00007ff8b54f9000 	C:\Program Files\Java\jdk-25.0.3\bin\extnet.dll
0x00007ff8d9f10000 - 0x00007ff8d9f28000 	C:\WINDOWS\SYSTEM32\CRYPTSP.dll
0x00007ff8d8b80000 - 0x00007ff8d8bb8000 	C:\WINDOWS\system32\rsaenh.dll
0x00007ff8da090000 - 0x00007ff8da0be000 	C:\WINDOWS\SYSTEM32\USERENV.dll
0x00007ff8d9490000 - 0x00007ff8d949c000 	C:\WINDOWS\SYSTEM32\CRYPTBASE.dll
0x00007ff8b1650000 - 0x00007ff8b165e000 	C:\Program Files\Java\jdk-25.0.3\bin\sunmscapi.dll
0x00007ff8da9a0000 - 0x00007ff8daafd000 	C:\WINDOWS\System32\CRYPT32.dll
0x00007ff8d9510000 - 0x00007ff8d9537000 	C:\WINDOWS\SYSTEM32\ncrypt.dll
0x00007ff8d94d0000 - 0x00007ff8d950b000 	C:\WINDOWS\SYSTEM32\NTASN1.dll
0x00007ff895440000 - 0x00007ff895447000 	C:\WINDOWS\system32\wshunix.dll
0x00007ff8d9de0000 - 0x00007ff8d9e13000 	C:\WINDOWS\SYSTEM32\ntmarta.dll
0x00007ff8d8f20000 - 0x00007ff8d8fea000 	C:\WINDOWS\SYSTEM32\DNSAPI.dll
0x00007ff8d2360000 - 0x00007ff8d236a000 	C:\Windows\System32\rasadhlp.dll
0x00007ff8cbbc0000 - 0x00007ff8cbc40000 	C:\WINDOWS\System32\fwpuclnt.dll

JVMTI agents:
C:\GradleHome\wrapper\dists\gradle-9.7.1-bin\1w1c7tv4s851m17nbqdsro2tv\gradle-9.7.1\lib\agents\gradle-instrumentation-agent-9.7.1.jar path:C:\Program Files\Java\jdk-25.0.3\bin\instrument.dll, loaded, initialized, instrumentlib options:none

dbghelp: loaded successfully - version: 4.0.5 - missing functions: none
symbol engine: initialized successfully - sym options: 0x614 - pdb path: .;C:\Program Files\Java\jdk-25.0.3\bin;C:\WINDOWS\SYSTEM32;C:\WINDOWS\WinSxS\amd64_microsoft.windows.common-controls_6595b64144ccf1df_6.0.19041.6456_none_60b8a6cb71f64256;C:\Program Files\Java\jdk-25.0.3\bin\server;C:\GradleHome\native\660c5614fbf4a5f2a75b1949f50a0caf5cd603558e7d8a26e50b933a0cfb79d1\windows-amd64;C:\GradleHome\native\0.2.8\x86_64-windows-gnu

VM Arguments:
jvm_args: --add-opens=java.base/java.lang=ALL-UNNAMED --add-opens=java.base/java.lang.invoke=ALL-UNNAMED --add-opens=java.base/java.util=ALL-UNNAMED --add-opens=java.prefs/java.util.prefs=ALL-UNNAMED --add-exports=jdk.compiler/com.sun.tools.javac.api=ALL-UNNAMED --add-exports=jdk.compiler/com.sun.tools.javac.util=ALL-UNNAMED --add-opens=java.base/java.nio.charset=ALL-UNNAMED --add-opens=java.base/java.net=ALL-UNNAMED --add-opens=java.base/java.util.concurrent=ALL-UNNAMED --add-opens=java.base/java.util.concurrent.atomic=ALL-UNNAMED --add-opens=java.xml/javax.xml.namespace=ALL-UNNAMED --add-opens=java.base/java.time=ALL-UNNAMED --enable-native-access=ALL-UNNAMED -XX:MaxMetaspaceSize=384m -XX:+HeapDumpOnOutOfMemoryError -Xms256m -Xmx512m -Dfile.encoding=UTF-8 -Duser.country=KR -Duser.language=ko -Duser.variant -javaagent:C:\GradleHome\wrapper\dists\gradle-9.7.1-bin\1w1c7tv4s851m17nbqdsro2tv\gradle-9.7.1\lib\agents\gradle-instrumentation-agent-9.7.1.jar 
java_command: org.gradle.launcher.daemon.bootstrap.GradleDaemon 9.7.1
java_class_path (initial): C:\GradleHome\wrapper\dists\gradle-9.7.1-bin\1w1c7tv4s851m17nbqdsro2tv\gradle-9.7.1\lib\gradle-daemon-main-9.7.1.jar
Launcher Type: SUN_STANDARD

[Global flags]
     intx CICompilerCount                          = 3                                         {product} {ergonomic}
   size_t CompressedClassSpaceSize                 = 335544320                                 {product} {ergonomic}
     uint ConcGCThreads                            = 1                                         {product} {ergonomic}
     uint G1ConcRefinementThreads                  = 4                                         {product} {ergonomic}
   size_t G1HeapRegionSize                         = 1048576                                   {product} {ergonomic}
     bool HeapDumpOnOutOfMemoryError               = true                                   {manageable} {command line}
   size_t InitialHeapSize                          = 268435456                                 {product} {command line}
   size_t MarkStackSize                            = 4194304                                   {product} {ergonomic}
   size_t MarkStackSizeMax                         = 536870912                                 {product} {ergonomic}
   size_t MaxHeapSize                              = 536870912                                 {product} {command line}
   size_t MaxMetaspaceSize                         = 402653184                                 {product} {command line}
   size_t MaxNewSize                               = 321912832                                 {product} {ergonomic}
   size_t MinHeapDeltaBytes                        = 1048576                                   {product} {ergonomic}
   size_t MinHeapSize                              = 268435456                                 {product} {command line}
    uintx NonNMethodCodeHeapSize                   = 5832704                                {pd product} {ergonomic}
    uintx NonProfiledCodeHeapSize                  = 122945536                              {pd product} {ergonomic}
    uintx ProfiledCodeHeapSize                     = 122880000                              {pd product} {ergonomic}
    uintx ReservedCodeCacheSize                    = 251658240                              {pd product} {ergonomic}
     bool SegmentedCodeCache                       = true                                      {product} {ergonomic}
   size_t SoftMaxHeapSize                          = 536870912                              {manageable} {ergonomic}
     bool UseCompressedOops                        = true                           {product lp64_product} {ergonomic}
     bool UseG1GC                                  = true                                      {product} {ergonomic}
     bool UseLargePagesIndividualAllocation        = false                                  {pd product} {ergonomic}

Logging:
Log output configuration:
 #0: stdout all=warning uptime,level,tags foldmultilines=false
 #1: stderr all=off uptime,level,tags foldmultilines=false

Release file:
IMPLEMENTOR="Oracle Corporation" 
JAVA_RUNTIME_VERSION="25.0.3+9-LTS-195" 
JAVA_VERSION="25.0.3" 
JAVA_VERSION_DATE="2026-04-21" 
LIBC="default" 
MODULES="java.base java.compiler java.datatransfer java.xml java.prefs java.desktop java.instrument java.logging java.management java.security.sasl java.naming java.rmi java.management.rmi java.net.http java.scripting java.security.jgss java.transaction.xa java.sql java.sql.rowset java.xml.crypto java.se java.smartcardio jdk.accessibility jdk.internal.jvmstat jdk.attach jdk.charsets jdk.internal.opt jdk.zipfs jdk.compiler jdk.crypto.cryptoki jdk.crypto.ec jdk.crypto.mscapi jdk.dynalink jdk.internal.ed jdk.editpad jdk.internal.vm.ci jdk.graal.compiler jdk.graal.compiler.management jdk.hotspot.agent jdk.httpserver jdk.incubator.vector jdk.internal.le jdk.internal.md jdk.jartool jdk.javadoc jdk.jcmd jdk.management jdk.management.agent jdk.jconsole jdk.jdeps jdk.jdwp.agent jdk.jdi jdk.jfr jdk.jlink jdk.jpackage jdk.jshell jdk.jsobject jdk.jstatd jdk.localedata jdk.management.jfr jdk.naming.dns jdk.naming.rmi jdk.net jdk.nio.mapmode jdk.sctp jdk.security.auth jdk.security.jgss jdk.unsupported jdk.unsupported.desktop jdk.xml.dom" 
OS_ARCH="x86_64" 
OS_NAME="Windows" 
SOURCE=".:git:bf167394bb46 open:git:e57ac4c1e765" 

Environment Variables:
JAVA_HOME=C:\Program Files\Java\jdk-25.0.3
CLASSPATH=%classpath%;.;.;.
PATH=C:\Program Files\Java\jdk-21\bin;C:\app\FrankBauer\product\21c\dbhomeXE\bin;C:\Program Files\Common Files\Oracle\Java\javapath;C:\Program Files (x86)\Intel\Intel(R) Management Engine Components\iCLS\;C:\Program Files\Intel\Intel(R) Management Engine Components\iCLS\;C:\WINDOWS\system32;C:\WINDOWS;C:\WINDOWS\System32\Wbem;C:\WINDOWS\System32\WindowsPowerShell\v1.0\;C:\Program Files (x86)\Intel\Intel(R) Management Engine Components\DAL;C:\Program Files\Intel\Intel(R) Management Engine Components\DAL;C:\Program Files (x86)\Intel\Intel(R) Management Engine Components\IPT;C:\Program Files\Intel\Intel(R) Management Engine Components\IPT;C:\Program Files\Intel\WiFi\bin\;C:\Program Files\Common Files\Intel\WirelessCommon\;C:\WINDOWS\System32\OpenSSH\;C:\Program Files\Git\cmd;C:\Program Files\nodejs\;C:\Program Files\Java\jdk-25.0.3\bin;C:\Users\장호영\AppData\Local\Microsoft\WindowsApps;C:\Users\장호영\AppData\Local\Programs\Microsoft VS Code\bin;C:\Users\장호영\AppData\Roaming\npm;C:\Program Files\JetBrains\IntelliJ IDEA 2026.2.0.1\bin
USERNAME=FrankBauer
OS=Windows_NT
PROCESSOR_IDENTIFIER=Intel64 Family 6 Model 142 Stepping 10, GenuineIntel
TMP=C:\Users\장호영\AppData\Local\Temp
TEMP=C:\Users\장호영\AppData\Local\Temp




Compilation memory statistics disabled.

Periodic native trim disabled

---------------  S Y S T E M  ---------------

OS:
 Windows 10 , 64 bit Build 19041 (10.0.19041.5915)
OS uptime: 0 days 2:06 hours

CPU: total 4 (initial active 4) (2 cores per cpu, 2 threads per core) family 6 model 142 stepping 10 microcode 0xb4, cx8, cmov, fxsr, ht, mmx, 3dnowpref, sse, sse2, sse3, ssse3, sse4.1, sse4.2, popcnt, lzcnt, tsc, tscinvbit, avx, avx2, aes, erms, clmul, bmi1, bmi2, adx, fma, vzeroupper, clflush, clflushopt, rdtscp, f16c
Processor Information for the first 4 processors :
  Max Mhz: 2304, Current Mhz: 2304, Mhz Limit: 2304

Memory: 4k page, system-wide physical 4010M (113M free)
TotalPageFile size 16298M (AvailPageFile size 5M)
current process WorkingSet (physical memory assigned to process): 108M, peak: 395M
current process commit charge ("private bytes"): 607M, peak: 634M

vm_info: Java HotSpot(TM) 64-Bit Server VM (25.0.3+9-LTS-195) for windows-amd64 JRE (25.0.3+9-LTS-195), built on 2026-03-11T00:20:00Z with MS VC++ 17.13 (VS2022)

END.
